price,area,bedrooms,bathrooms,stories,parking,mainroad,guestroom,basement,hotwaterheating,airconditioning,prefarea,furnishingstatus,location
27294000.0,3481.0,5,3.0,3,0,yes,yes,yes,no,no,yes,semi-furnished,Chennai
31713000.0,2152.0,4,2.0,3,1,yes,no,no,yes,no,no,semi-furnished,Mumbai
24784000.0,1763.0,2,1.0,2,0,yes,no,no,no,no,yes,unfurnished,Delhi
22184000.0,4230.0,5,3.0,2,2,no,no,no,no,yes,no,furnished,Ahmedabad
42854000.0,2229.0,4,,2,1,yes,yes,yes,yes,no,no,semi-furnished,Mumbai
28239000.0,3891.0,6,4.0,2,0,yes,no,no,no,no,yes,unfurnished,Chennai
17940000.0,2405.0,2,2.0,1,0,yes,no,no,no,yes,no,semi-furnished,Chennai
63467000.0,3640.0,6,4.0,1,2,yes,no,no,no,no,no,semi-furnished,Mumbai
45845000.0,2518.0,3,2.0,2,2,yes,no,yes,no,yes,no,semi-furnished,Mumbai
18765000.0,3147.0,4,2.0,2,1,yes,no,yes,no,yes,no,semi-furnished,Ahmedabad
30306000.0,2308.0,3,2.0,2,1,yes,no,no,no,no,no,semi-furnished,Delhi
20852000.0,3045.0,5,4.0,1,2,no,no,yes,yes,no,no,semi-furnished,Hyderabad
32863000.0,3790.0,5,3.0,1,1,yes,yes,no,no,no,yes,furnished,Chennai
71793000.0,4644.0,6,4.0,1,2,yes,no,yes,yes,no,no,semi-furnished,Mumbai
20527000.0,2864.0,3,2.0,2,2,yes,no,no,no,yes,no,semi-furnished,Hyderabad
23129000.0,2962.0,4,2.0,2,2,no,yes,yes,no,yes,no,semi-furnished,Pune
23102000.0,2356.0,4,3.0,2,1,yes,no,no,no,no,no,unfurnished,Bangalore
37613000.0,2028.0,3,2.0,2,1,no,yes,no,no,yes,no,semi-furnished,Mumbai
24727000.0,3516.0,5,4.0,2,0,yes,yes,yes,no,yes,no,unfurnished,Ahmedabad
18390000.0,2468.0,3,2.0,3,2,yes,no,no,no,no,no,unfurnished,Pune
70106000.0,3635.0,4,3.0,2,1,yes,no,yes,no,no,yes,semi-furnished,Mumbai
18620000.0,2090.0,2,1.0,2,1,yes,no,yes,no,yes,no,unfurnished,Pune
40054000.0,2565.0,3,2.0,2,1,yes,no,no,no,yes,yes,furnished,Mumbai
17051000.0,2165.0,3,1.0,1,2,yes,yes,no,no,no,no,semi-furnished,Pune
28268000.0,2315.0,3,1.0,1,1,yes,no,no,no,yes,yes,semi-furnished,Bangalore
26135000.0,3651.0,5,4.0,2,1,yes,yes,no,no,yes,yes,furnished,Hyderabad
33773000.0,2725.0,5,4.0,3,1,yes,yes,no,no,no,no,semi-furnished,Delhi
23383000.0,2548.0,4,2.0,1,0,yes,no,yes,no,no,yes,semi-furnished,Pune
52739000.0,2848.0,4,3.0,1,0,yes,no,no,yes,no,yes,,Mumbai
36582000.0,2966.0,4,3.0,2,2,yes,yes,no,no,no,no,unfurnished,Bangalore
26405000.0,3530.0,5,5.0,1,1,yes,yes,no,no,no,yes,furnished,Hyderabad
48154000.0,3962.0,6,3.0,2,0,yes,no,yes,no,yes,no,unfurnished,Delhi
22182000.0,3244.0,4,3.0,2,1,yes,no,no,no,no,yes,semi-furnished,Kolkata
39012000.0,3555.0,5,3.0,2,0,yes,yes,no,yes,no,no,semi-furnished,Delhi
38630000.0,2416.0,3,2.0,2,0,yes,no,yes,no,no,no,unfurnished,Mumbai
27328000.0,3680.0,5,4.0,2,0,no,yes,yes,no,no,no,unfurnished,Hyderabad
30103000.0,2739.0,3,2.0,2,3,yes,no,yes,no,no,no,semi-furnished,Delhi
21999000.0,3602.0,4,3.0,2,1,yes,yes,no,no,no,no,furnished,Kolkata
16246000.0,1739.0,2,2.0,3,1,yes,no,no,no,yes,yes,semi-furnished,Chennai
9855000.0,1087.0,2,2.0,1,2,no,no,yes,no,yes,no,semi-furnished,Kolkata
88703000.0,4824.0,6,5.0,1,1,yes,yes,no,no,yes,yes,semi-furnished,Mumbai
13809000.0,1951.0,4,2.0,3,3,yes,yes,yes,no,no,no,unfurnished,Hyderabad
18480000.0,2374.0,4,2.0,2,1,yes,no,yes,yes,no,no,unfurnished,Hyderabad
13760000.0,1536.0,3,1.0,1,0,yes,no,no,no,no,yes,unfurnished,Chennai
22448000.0,3378.0,5,4.0,3,0,yes,no,yes,no,yes,no,semi-furnished,Ahmedabad
32690000.0,2990.0,4,2.0,2,1,yes,no,no,no,yes,no,semi-furnished,Delhi
31148000.0,2064.0,3,2.0,3,1,yes,no,no,no,no,no,unfurnished,Mumbai
12672000.0,1024.0,2,2.0,2,0,yes,no,no,yes,no,no,semi-furnished,Delhi
22225000.0,2725.0,3,3.0,1,1,yes,yes,yes,no,no,no,unfurnished,Hyderabad
21233000.0,3270.0,3,3.0,2,1,yes,no,no,no,no,yes,semi-furnished,Kolkata
17482000.0,1722.0,2,2.0,2,2,yes,no,yes,no,yes,yes,semi-furnished,Bangalore
32697000.0,4094.0,6,4.0,2,1,yes,no,yes,no,no,no,semi-furnished,Pune
47760000.0,2436.0,3,1.0,3,1,no,no,no,no,no,yes,unfurnished,Mumbai
36576000.0,1993.0,2,1.0,2,1,no,no,yes,yes,no,no,furnished,Mumbai
26247000.0,2743.0,3,2.0,2,1,yes,no,yes,no,no,yes,furnished,Bangalore
41675000.0,3341.0,4,3.0,2,1,no,no,yes,no,yes,no,furnished,Delhi
19859000.0,3509.0,6,5.0,3,1,yes,yes,yes,yes,yes,no,unfurnished,Ahmedabad
16581000.0,1911.0,3,2.0,1,1,yes,no,no,no,no,yes,semi-furnished,Hyderabad
69811000.0,3996.0,6,3.0,2,1,yes,yes,no,no,no,no,semi-furnished,Mumbai
35394000.0,3248.0,5,4.0,1,1,yes,no,no,no,yes,yes,unfurnished,Bangalore
25912000.0,2452.0,5,4.0,2,2,yes,no,no,no,yes,yes,unfurnished,Bangalore
46791000.0,2949.0,5,4.0,3,0,yes,no,no,no,no,no,semi-furnished,Mumbai
30676000.0,3733.0,5,4.0,2,1,yes,no,no,yes,no,no,semi-furnished,Bangalore
49626000.0,5739.0,6,4.0,2,1,yes,no,no,no,no,no,semi-furnished,Bangalore
29197000.0,2868.0,4,3.0,2,0,yes,no,no,yes,no,no,unfurnished,Bangalore
49139000.0,3002.0,4,3.0,2,0,yes,no,yes,no,no,yes,furnished,Mumbai
14970000.0,2165.0,3,1.0,1,1,no,no,no,no,no,no,furnished,Hyderabad
38402000.0,2926.0,4,3.0,1,1,yes,no,yes,no,no,no,furnished,Mumbai
20437000.0,2588.0,4,3.0,2,1,yes,no,yes,no,yes,no,unfurnished,Hyderabad
25947000.0,2416.0,3,2.0,1,2,yes,no,no,no,no,no,furnished,Delhi
12102000.0,1556.0,2,1.0,1,0,yes,yes,yes,no,yes,no,furnished,Ahmedabad
16861000.0,2656.0,3,2.0,3,1,yes,yes,no,no,yes,yes,semi-furnished,Kolkata
13111000.0,1762.0,3,2.0,1,2,yes,no,yes,no,no,no,unfurnished,Hyderabad
31082000.0,1619.0,2,2.0,1,0,yes,no,yes,no,no,no,semi-furnished,Mumbai
12360000.0,2222.0,2,2.0,2,1,yes,no,yes,yes,no,no,semi-furnished,Ahmedabad
42244000.0,2559.0,3,2.0,2,1,yes,no,no,no,yes,no,furnished,Mumbai
26374000.0,2578.0,3,2.0,3,2,yes,yes,yes,no,no,yes,unfurnished,Bangalore
23722000.0,2824.0,5,3.0,2,2,yes,no,yes,no,yes,yes,semi-furnished,Hyderabad
15673000.0,2352.0,3,3.0,1,2,yes,yes,no,no,no,no,furnished,Hyderabad
63364000.0,5565.0,6,3.0,1,1,yes,no,no,no,no,no,semi-furnished,Bangalore
164128000.0,7200.0,4,2.0,1,0,yes,no,no,no,no,no,semi-furnished,Delhi
22870000.0,2594.0,3,2.0,2,2,no,no,no,no,yes,no,unfurnished,Hyderabad
24480000.0,3787.0,5,3.0,2,2,yes,yes,no,no,yes,no,furnished,Hyderabad
19493000.0,1695.0,2,1.0,3,0,yes,yes,yes,no,no,yes,unfurnished,Pune
24444000.0,4314.0,5,3.0,2,1,yes,yes,no,no,yes,no,,Chennai
18359000.0,2164.0,3,2.0,1,0,yes,yes,no,no,no,no,semi-furnished,Pune
26169000.0,1610.0,3,2.0,2,0,yes,no,no,no,yes,yes,unfurnished,Mumbai
42732000.0,4802.0,5,4.0,2,1,yes,no,no,no,no,no,unfurnished,Bangalore
17694000.0,2087.0,2,1.0,1,0,yes,no,no,no,no,yes,unfurnished,Pune
21171000.0,2857.0,4,3.0,2,0,yes,yes,yes,no,yes,no,unfurnished,Chennai
22408000.0,2914.0,4,3.0,1,1,yes,no,yes,no,no,no,semi-furnished,Chennai
18512000.0,2500.0,2,1.0,1,1,yes,no,yes,no,no,no,furnished,Hyderabad
34309000.0,4163.0,5,4.0,2,2,yes,yes,yes,no,yes,no,unfurnished,Pune
27012000.0,4187.0,5,3.0,1,1,yes,no,yes,no,yes,no,furnished,Kolkata
14410000.0,1712.0,1,1.0,3,1,no,yes,yes,no,yes,no,furnished,Chennai
31969000.0,1728.0,3,2.0,2,2,yes,no,no,no,no,yes,unfurnished,Mumbai
21623000.0,2503.0,3,3.0,2,2,yes,no,no,yes,yes,no,semi-furnished,Chennai
24269000.0,1621.0,4,2.0,1,2,yes,no,yes,no,yes,no,unfurnished,Mumbai
18524000.0,2497.0,4,3.0,1,0,yes,yes,yes,no,yes,yes,furnished,Kolkata
21204000.0,3065.0,3,2.0,1,3,yes,no,no,no,yes,no,unfurnished,Chennai
23691000.0,1724.0,2,1.0,1,1,yes,no,no,no,yes,no,semi-furnished,Delhi
47880000.0,2742.0,4,3.0,2,0,yes,no,no,no,yes,no,semi-furnished,Mumbai
55817000.0,3288.0,4,3.0,3,2,yes,yes,no,no,no,no,furnished,Mumbai
17242000.0,2216.0,3,2.0,1,0,yes,no,yes,yes,no,no,semi-furnished,Kolkata
25195000.0,3809.0,5,,2,2,yes,no,no,no,no,no,semi-furnished,Pune
15901000.0,1769.0,3,3.0,4,2,yes,no,no,no,no,no,furnished,Chennai
30870000.0,3335.0,4,2.0,2,0,yes,no,no,no,no,yes,furnished,Pune
23173000.0,2116.0,3,2.0,1,0,yes,no,no,no,yes,yes,unfurnished,Bangalore
25089000.0,4012.0,6,4.0,1,2,yes,no,yes,no,no,no,unfurnished,Ahmedabad
28425000.0,1832.0,2,1.0,2,0,yes,no,no,no,no,no,furnished,Delhi
30768000.0,2797.0,4,1.0,1,2,no,no,no,no,no,no,semi-furnished,Delhi
39044000.0,3643.0,5,4.0,2,0,yes,no,no,no,no,no,semi-furnished,Bangalore
18266000.0,1974.0,2,,1,2,yes,no,no,no,no,no,furnished,Chennai
16602000.0,2572.0,4,3.0,1,1,yes,yes,no,no,no,no,furnished,Ahmedabad
32695000.0,2950.0,3,2.0,2,1,yes,yes,no,no,no,no,furnished,Delhi
26936000.0,2079.0,2,1.0,2,1,yes,yes,yes,no,no,no,semi-furnished,Bangalore
22588000.0,3168.0,4,4.0,1,0,yes,yes,no,no,no,no,furnished,Hyderabad
20520000.0,2116.0,2,1.0,3,1,yes,yes,no,no,yes,no,semi-furnished,Pune
8579000.0,1091.0,1,1.0,1,1,no,no,no,no,no,no,furnished,Chennai
26726000.0,2720.0,3,2.0,3,2,yes,no,no,no,no,no,semi-furnished,Bangalore
24073000.0,1873.0,2,1.0,2,1,yes,no,no,no,no,no,unfurnished,Delhi
41623000.0,3741.0,6,5.0,2,1,yes,no,no,no,no,no,unfurnished,Bangalore
15661000.0,1476.0,1,1.0,2,1,yes,yes,no,no,no,yes,unfurnished,Bangalore
41223000.0,1965.0,2,2.0,3,2,yes,yes,no,no,no,yes,furnished,Mumbai
28103000.0,3517.0,5,3.0,1,2,yes,no,yes,no,yes,yes,semi-furnished,Bangalore
13034000.0,,2,1.0,1,0,yes,no,yes,no,yes,no,unfurnished,Kolkata
35961000.0,3718.0,5,4.0,2,0,yes,yes,no,no,no,no,semi-furnished,Bangalore
20840000.0,3274.0,5,3.0,3,1,yes,no,yes,no,no,no,unfurnished,Kolkata
28858000.0,4149.0,6,4.0,2,1,no,yes,no,no,yes,yes,unfurnished,Hyderabad
18201000.0,1981.0,2,3.0,3,1,yes,yes,yes,no,no,yes,unfurnished,Hyderabad
33781000.0,2996.0,4,2.0,2,1,yes,no,no,no,no,no,semi-furnished,Delhi
21491000.0,2502.0,3,3.0,2,1,yes,yes,no,no,yes,yes,unfurnished,Pune
17526000.0,1812.0,3,2.0,1,0,no,no,no,yes,no,no,semi-furnished,Delhi
21573000.0,3574.0,5,3.0,2,2,yes,no,no,yes,no,no,semi-furnished,Chennai
28307000.0,4147.0,5,4.0,1,1,yes,no,yes,no,no,no,semi-furnished,Chennai
17133000.0,2576.0,4,3.0,3,2,yes,yes,no,no,no,yes,semi-furnished,Ahmedabad
14694000.0,2688.0,4,3.0,2,0,yes,yes,no,no,yes,no,semi-furnished,Ahmedabad
32751000.0,3612.0,5,4.0,1,1,yes,yes,no,no,yes,no,furnished,Pune
27849000.0,2299.0,3,2.0,2,2,yes,no,yes,yes,yes,no,furnished,Delhi
17638000.0,2751.0,3,4.0,1,0,yes,yes,yes,no,yes,no,unfurnished,Kolkata
21275000.0,3634.0,6,4.0,2,2,yes,no,no,no,no,no,unfurnished,Ahmedabad
22816000.0,3137.0,4,2.0,2,1,yes,no,yes,no,yes,no,unfurnished,Ahmedabad
13018000.0,1466.0,2,2.0,2,0,yes,no,yes,no,no,yes,unfurnished,Chennai
19386000.0,2467.0,4,2.0,1,1,yes,no,yes,no,no,no,furnished,Kolkata
50911000.0,3133.0,4,3.0,1,0,yes,no,yes,no,no,no,unfurnished,Mumbai
15965000.0,2518.0,4,3.0,2,0,yes,no,no,no,no,yes,unfurnished,Ahmedabad
11522000.0,1266.0,3,2.0,4,1,yes,no,no,no,no,no,semi-furnished,Pune
23243000.0,3636.0,5,3.0,2,1,yes,no,no,no,no,no,semi-furnished,Hyderabad
14307000.0,1738.0,2,2.0,2,2,yes,no,no,no,no,no,semi-furnished,Ahmedabad
28513000.0,1868.0,2,1.0,1,1,yes,no,yes,no,yes,no,furnished,Mumbai
36127000.0,5127.0,6,4.0,2,2,yes,no,no,no,no,no,semi-furnished,Kolkata
38644000.0,4174.0,5,4.0,3,2,yes,no,no,no,no,yes,unfurnished,Bangalore
28415000.0,2836.0,3,3.0,2,0,no,yes,no,no,no,no,semi-furnished,Bangalore
24703000.0,2946.0,3,2.0,3,1,yes,no,no,no,yes,yes,unfurnished,Pune
19539000.0,2642.0,3,2.0,1,1,yes,no,no,no,yes,yes,semi-furnished,Kolkata
21963000.0,3259.0,5,3.0,3,2,yes,yes,no,yes,no,no,furnished,Kolkata
42020000.0,3424.0,5,3.0,2,2,yes,no,no,yes,no,no,semi-furnished,Delhi
35838000.0,1831.0,3,1.0,2,1,yes,no,no,yes,no,yes,semi-furnished,Mumbai
27235000.0,2309.0,3,2.0,3,0,yes,yes,yes,no,yes,no,furnished,Bangalore
13177000.0,1445.0,2,1.0,1,1,yes,no,no,no,no,no,unfurnished,Pune
8689000.0,1527.0,3,2.0,1,0,yes,no,no,no,no,no,unfurnished,Ahmedabad
13666000.0,2844.0,3,2.0,3,1,yes,no,yes,no,yes,no,furnished,Ahmedabad
52138000.0,4344.0,5,5.0,1,1,yes,no,no,no,yes,no,unfurnished,Delhi
28466000.0,2086.0,3,3.0,3,0,yes,yes,no,no,no,no,unfurnished,Delhi
30801000.0,3346.0,5,4.0,3,0,yes,yes,no,no,yes,no,semi-furnished,Bangalore
30406000.0,4268.0,6,4.0,1,0,no,no,yes,yes,no,yes,unfurnished,Ahmedabad
38699000.0,3080.0,4,2.0,2,0,yes,no,no,no,no,no,unfurnished,Delhi
20355000.0,2547.0,3,3.0,1,1,yes,yes,yes,no,no,no,semi-furnished,Chennai
26020000.0,1585.0,3,3.0,3,0,no,no,no,no,no,no,unfurnished,Mumbai
20614000.0,3378.0,4,3.0,2,1,no,no,no,no,yes,no,furnished,Kolkata
34191000.0,2283.0,3,2.0,1,1,yes,no,yes,no,yes,no,semi-furnished,Delhi
11626000.0,1138.0,1,1.0,2,1,yes,no,no,no,no,no,unfurnished,Delhi
27783000.0,2596.0,3,3.0,2,0,yes,yes,yes,no,yes,no,semi-furnished,Bangalore
17115000.0,2187.0,2,2.0,1,2,yes,yes,no,no,yes,no,semi-furnished,Kolkata
17154000.0,1885.0,3,3.0,1,1,yes,yes,no,no,no,no,furnished,Kolkata
27000000.0,2536.0,3,2.0,1,0,yes,no,no,no,no,no,semi-furnished,Bangalore
29250000.0,4885.0,6,5.0,1,1,yes,no,no,yes,no,no,furnished,Kolkata
33185000.0,2712.0,4,2.0,1,0,no,no,no,no,yes,no,semi-furnished,Delhi
19115000.0,1647.0,2,1.0,1,0,yes,no,no,no,no,no,unfurnished,Delhi
17075000.0,2474.0,3,3.0,3,1,yes,no,yes,no,no,no,furnished,Hyderabad
33939000.0,2012.0,3,3.0,1,2,yes,no,yes,no,yes,no,unfurnished,Mumbai
22976000.0,2507.0,3,2.0,1,2,yes,no,yes,yes,no,no,unfurnished,Bangalore
25555000.0,1859.0,3,2.0,3,1,no,no,no,no,yes,no,furnished,Delhi
15078000.0,2541.0,4,3.0,1,0,yes,no,no,no,yes,yes,unfurnished,Kolkata
23318000.0,2376.0,3,3.0,1,1,yes,no,no,yes,yes,no,furnished,Pune
16162000.0,1732.0,2,3.0,3,0,yes,no,no,no,no,no,unfurnished,Pune
25998000.0,3126.0,4,3.0,1,2,yes,no,no,no,yes,no,unfurnished,Pune
20067000.0,1799.0,3,2.0,1,1,yes,no,no,no,no,no,furnished,Delhi
15329000.0,1660.0,2,1.0,1,2,no,no,no,no,no,no,unfurnished,Bangalore
25957000.0,2938.0,4,3.0,2,1,yes,no,yes,no,no,no,unfurnished,Bangalore
43554000.0,3387.0,4,3.0,3,1,yes,no,yes,no,yes,yes,semi-furnished,Delhi
22575000.0,3389.0,5,3.0,2,1,yes,no,yes,no,no,yes,semi-furnished,Hyderabad
26334000.0,4022.0,5,4.0,1,3,yes,yes,yes,no,no,no,semi-furnished,Ahmedabad
18090000.0,3332.0,4,3.0,1,0,yes,yes,no,no,yes,yes,semi-furnished,Ahmedabad
26051000.0,3421.0,5,4.0,3,2,yes,yes,yes,yes,no,no,furnished,Kolkata
17300000.0,2316.0,4,4.0,2,2,yes,no,yes,yes,no,no,semi-furnished,Kolkata
17714000.0,2103.0,3,2.0,2,2,yes,yes,yes,no,yes,yes,,Hyderabad
22863000.0,1302.0,2,1.0,3,2,yes,no,no,no,no,no,furnished,Mumbai
24539000.0,3084.0,4,3.0,2,1,yes,no,no,no,no,yes,furnished,Chennai
21407000.0,3029.0,4,3.0,3,1,yes,yes,no,yes,yes,yes,semi-furnished,Ahmedabad
12565000.0,1499.0,3,2.0,2,1,yes,no,no,no,yes,no,furnished,Kolkata
18511000.0,1831.0,3,2.0,2,1,yes,no,yes,yes,yes,no,semi-furnished,Pune
42210000.0,3255.0,5,4.0,3,0,no,no,no,yes,no,yes,furnished,Delhi
16081000.0,1822.0,2,2.0,2,3,no,no,yes,no,yes,no,furnished,Chennai
71807000.0,5475.0,6,4.0,2,0,no,no,no,no,no,yes,furnished,Mumbai
30783000.0,3765.0,5,4.0,1,0,yes,no,no,no,no,no,unfurnished,Pune
12166000.0,1291.0,2,1.0,1,0,yes,no,no,no,yes,no,unfurnished,Pune
39791000.0,3406.0,5,3.0,2,0,yes,yes,yes,no,yes,no,unfurnished,Delhi
15686000.0,2320.0,2,2.0,2,1,yes,no,no,no,no,no,furnished,Chennai
19337000.0,2074.0,2,1.0,2,1,yes,no,no,no,no,yes,furnished,Pune
9593000.0,1401.0,3,3.0,1,1,no,no,no,no,yes,no,semi-furnished,Ahmedabad
23067000.0,2993.0,5,3.0,3,2,no,no,yes,no,no,no,semi-furnished,Kolkata
22264000.0,3599.0,5,3.0,1,1,no,no,no,no,no,no,unfurnished,Kolkata
28605000.0,2785.0,4,3.0,1,0,yes,no,no,no,no,no,furnished,Bangalore
21923000.0,2749.0,3,2.0,3,0,yes,no,yes,no,yes,no,unfurnished,Hyderabad
43794000.0,4810.0,6,4.0,2,2,yes,no,no,no,no,yes,furnished,Bangalore
25582000.0,2594.0,4,2.0,2,0,yes,no,no,no,no,yes,furnished,Bangalore
45219000.0,2553.0,4,3.0,1,2,yes,no,yes,yes,yes,no,unfurnished,Mumbai
23220000.0,3311.0,5,4.0,3,1,yes,yes,no,no,no,no,furnished,Kolkata
34849000.0,3026.0,4,3.0,1,2,yes,yes,no,no,no,yes,semi-furnished,Bangalore
70190000.0,3874.0,5,3.0,1,1,yes,no,no,no,no,no,semi-furnished,Mumbai
20325000.0,2278.0,2,1.0,1,0,yes,no,yes,no,yes,yes,unfurnished,Pune
42613000.0,4972.0,6,4.0,1,1,yes,no,yes,yes,no,no,semi-furnished,Chennai
16927000.0,1976.0,3,2.0,3,2,yes,no,yes,no,yes,no,unfurnished,Kolkata
65918000.0,5545.0,6,4.0,2,1,no,no,no,no,no,no,semi-furnished,Delhi
28475000.0,4099.0,5,4.0,2,1,yes,yes,no,no,no,no,semi-furnished,Kolkata
23105000.0,2495.0,3,2.0,2,2,yes,no,yes,no,no,yes,furnished,Chennai
31881000.0,2568.0,3,3.0,1,1,yes,yes,yes,no,no,no,semi-furnished,Delhi
15131000.0,2131.0,2,2.0,3,2,no,no,no,no,no,yes,unfurnished,Kolkata
20943000.0,2396.0,3,2.0,2,0,yes,no,no,no,no,yes,furnished,Hyderabad
53559000.0,2917.0,3,2.0,2,1,yes,no,no,no,no,no,furnished,Mumbai
41816000.0,6202.0,6,4.0,2,0,yes,no,yes,no,yes,no,unfurnished,Ahmedabad
28190000.0,2928.0,4,3.0,1,2,yes,no,no,no,no,no,semi-furnished,Delhi
41551000.0,2448.0,4,4.0,3,2,yes,no,no,no,no,no,furnished,Mumbai
15951000.0,1750.0,2,2.0,1,0,yes,yes,yes,no,no,yes,semi-furnished,Hyderabad
18100000.0,2202.0,3,2.0,1,1,yes,no,no,yes,yes,no,semi-furnished,Chennai
19882000.0,2199.0,3,2.0,2,0,no,no,no,no,no,no,semi-furnished,Chennai
33946000.0,2431.0,3,2.0,2,0,yes,yes,no,no,no,no,furnished,Delhi
33832000.0,5375.0,6,4.0,2,1,yes,no,yes,yes,yes,no,semi-furnished,Ahmedabad
15948000.0,,3,2.0,1,1,yes,no,yes,no,no,no,semi-furnished,Ahmedabad
19984000.0,3112.0,4,2.0,1,3,yes,yes,yes,no,no,yes,semi-furnished,Kolkata
17073000.0,,3,1.0,1,0,yes,yes,no,no,no,no,semi-furnished,Chennai
14066000.0,1453.0,2,1.0,2,2,yes,yes,no,no,no,yes,semi-furnished,Pune
22077000.0,2190.0,3,2.0,2,1,yes,no,no,no,no,no,furnished,Chennai
16859000.0,1605.0,2,1.0,2,0,yes,yes,no,no,yes,yes,unfurnished,Pune
38370000.0,,6,4.0,3,1,yes,no,no,no,yes,no,unfurnished,Bangalore
39506000.0,2097.0,3,2.0,2,0,yes,yes,yes,no,no,yes,unfurnished,Mumbai
24150000.0,,5,3.0,2,0,yes,no,no,no,no,no,furnished,Kolkata
43452000.0,2691.0,5,4.0,3,2,yes,no,no,no,yes,no,semi-furnished,Mumbai
18305000.0,2682.0,4,3.0,1,0,yes,no,yes,no,no,no,semi-furnished,Ahmedabad
17854000.0,1871.0,3,2.0,1,1,yes,no,yes,no,yes,no,furnished,Hyderabad
18486000.0,1462.0,3,2.0,2,0,yes,no,no,no,no,no,semi-furnished,Delhi
16762000.0,1795.0,2,2.0,4,2,yes,no,no,no,yes,no,unfurnished,Pune
24006000.0,2696.0,4,2.0,2,1,yes,no,yes,yes,yes,no,unfurnished,Pune
25859000.0,2228.0,3,2.0,3,1,yes,yes,yes,yes,no,yes,semi-furnished,Delhi
23453000.0,2629.0,4,4.0,2,2,yes,yes,no,no,no,no,semi-furnished,Hyderabad
18316000.0,1969.0,3,3.0,2,1,yes,yes,yes,no,no,yes,semi-furnished,Pune
29576000.0,3257.0,5,4.0,3,1,yes,no,no,no,no,yes,semi-furnished,Chennai
36364000.0,3202.0,5,3.0,2,0,yes,no,no,no,no,no,unfurnished,Bangalore
29926000.0,3605.0,4,3.0,1,3,yes,no,no,yes,no,no,unfurnished,Hyderabad
40892000.0,3707.0,5,4.0,2,2,yes,no,no,no,no,no,furnished,Delhi
38458000.0,2404.0,3,2.0,2,1,yes,no,yes,no,no,no,unfurnished,Mumbai
7332000.0,884.0,1,1.0,3,1,yes,yes,yes,no,yes,no,semi-furnished,Kolkata
19855000.0,1594.0,2,1.0,3,1,yes,no,yes,no,no,no,unfurnished,Bangalore
31851000.0,4185.0,5,3.0,2,1,yes,no,no,no,yes,yes,unfurnished,Pune
41938000.0,3226.0,5,3.0,1,0,yes,no,no,no,no,no,unfurnished,Delhi
11395000.0,1320.0,2,2.0,2,0,yes,yes,yes,no,yes,yes,semi-furnished,Kolkata
30697000.0,2553.0,3,2.0,1,0,yes,no,no,no,no,no,furnished,Delhi
47054000.0,3785.0,5,4.0,1,1,yes,no,no,no,no,no,unfurnished,Mumbai
35579000.0,1911.0,3,2.0,2,3,yes,no,no,no,yes,no,semi-furnished,Mumbai
45841000.0,2831.0,3,2.0,2,2,yes,no,no,no,no,yes,furnished,Mumbai
33428000.0,3121.0,4,2.0,1,1,yes,no,no,no,no,no,semi-furnished,Delhi
17436000.0,3438.0,3,,1,2,no,yes,yes,no,yes,no,semi-furnished,Ahmedabad
26661000.0,2883.0,3,2.0,2,1,yes,yes,yes,no,no,no,furnished,Bangalore
13042000.0,1942.0,4,3.0,3,0,yes,no,yes,no,yes,no,semi-furnished,Ahmedabad
51787000.0,5148.0,6,4.0,2,1,yes,yes,no,no,no,no,unfurnished,Bangalore
20613000.0,2444.0,5,3.0,2,3,yes,no,no,no,no,no,semi-furnished,Pune
13604000.0,1389.0,2,1.0,1,2,yes,no,no,no,no,no,semi-furnished,Chennai
18454000.0,2280.0,3,3.0,1,0,yes,yes,no,no,no,yes,unfurnished,Chennai
47070000.0,2703.0,3,2.0,1,2,no,no,no,no,yes,no,unfurnished,Mumbai
33449000.0,4415.0,5,3.0,2,0,yes,no,yes,no,no,yes,semi-furnished,Hyderabad
13828000.0,1684.0,2,1.0,3,1,yes,no,yes,no,no,yes,furnished,Ahmedabad
20590000.0,2189.0,5,4.0,2,2,yes,no,no,no,no,no,semi-furnished,Bangalore
24910000.0,3156.0,4,4.0,1,0,yes,no,no,no,no,no,unfurnished,Pune
17698000.0,2418.0,4,3.0,2,3,yes,no,yes,no,no,no,semi-furnished,Chennai
39021000.0,5802.0,6,3.0,2,1,no,no,no,no,yes,yes,semi-furnished,Ahmedabad
45875000.0,4216.0,6,3.0,2,1,no,no,yes,no,no,no,semi-furnished,Delhi
11791000.0,967.0,1,1.0,3,1,yes,no,no,no,yes,no,unfurnished,Delhi
29908000.0,2719.0,4,3.0,2,1,yes,no,no,no,yes,yes,unfurnished,Bangalore
36820000.0,3727.0,4,3.0,2,0,yes,no,no,no,no,no,semi-furnished,Delhi
27668000.0,3977.0,5,4.0,3,1,yes,no,no,no,yes,no,semi-furnished,Hyderabad
16153000.0,1887.0,2,2.0,2,0,yes,yes,yes,no,yes,no,furnished,Chennai
23361000.0,2177.0,3,2.0,3,1,yes,yes,yes,no,no,no,unfurnished,Delhi
16359000.0,2330.0,4,3.0,2,0,yes,no,no,no,yes,yes,furnished,Kolkata
12154000.0,1437.0,3,2.0,2,0,yes,no,no,yes,no,no,semi-furnished,Ahmedabad
30957000.0,2087.0,2,2.0,1,1,yes,no,no,no,no,no,unfurnished,Mumbai
18907000.0,2502.0,4,2.0,3,1,yes,no,no,no,no,yes,furnished,Hyderabad
14807000.0,1722.0,2,3.0,1,1,no,yes,no,no,no,no,furnished,Chennai
16776000.0,2588.0,3,2.0,1,1,yes,no,no,yes,yes,no,unfurnished,Ahmedabad
14022000.0,1513.0,1,1.0,3,1,yes,no,yes,no,yes,no,unfurnished,Chennai
22972000.0,3076.0,4,3.0,2,1,yes,no,no,no,no,no,unfurnished,Chennai
33793000.0,,5,3.0,2,1,yes,yes,no,no,yes,no,furnished,Delhi
40638000.0,2155.0,2,1.0,3,0,yes,yes,no,no,no,no,unfurnished,Mumbai
25137000.0,3382.0,3,3.0,2,1,yes,no,no,no,no,no,semi-furnished,Hyderabad
32770000.0,3033.0,4,3.0,2,0,no,yes,no,yes,no,no,furnished,Delhi
17026000.0,946.0,1,2.0,3,2,yes,no,no,no,no,no,furnished,Mumbai
12023000.0,1808.0,3,2.0,2,1,yes,no,no,no,no,no,unfurnished,Ahmedabad
46956000.0,2789.0,4,,3,0,yes,yes,yes,no,no,yes,semi-furnished,Mumbai
15654000.0,2527.0,3,3.0,2,1,yes,no,no,no,no,no,semi-furnished,Ahmedabad
24432000.0,3543.0,4,3.0,2,2,no,no,yes,no,yes,no,,Ahmedabad
21584000.0,3612.0,4,3.0,2,0,yes,no,yes,no,no,no,unfurnished,Kolkata
24447000.0,2444.0,3,2.0,2,2,yes,no,no,no,yes,no,unfurnished,Bangalore
20600000.0,2693.0,4,3.0,2,1,yes,no,yes,no,yes,no,semi-furnished,Hyderabad
43581000.0,2169.0,2,1.0,2,1,yes,no,yes,no,no,yes,furnished,Mumbai
13504000.0,1599.0,3,2.0,1,1,no,no,yes,no,no,no,unfurnished,Hyderabad
20374000.0,2985.0,4,2.0,2,1,no,no,yes,no,no,yes,semi-furnished,Kolkata
34698000.0,3305.0,3,2.0,2,1,yes,yes,no,no,no,no,semi-furnished,Bangalore
17835000.0,2646.0,3,2.0,1,1,no,yes,no,no,yes,no,furnished,Pune
35911000.0,3008.0,4,3.0,3,1,yes,no,yes,no,no,no,furnished,Delhi
17094000.0,1636.0,4,3.0,3,1,yes,no,no,no,no,no,semi-furnished,Bangalore
59468000.0,3645.0,4,3.0,1,1,no,no,yes,no,no,yes,semi-furnished,Mumbai
10202000.0,1350.0,2,1.0,2,2,no,no,yes,no,yes,no,semi-furnished,Hyderabad
22403000.0,2845.0,4,3.0,1,0,no,no,no,no,no,no,furnished,Pune
13987000.0,1469.0,3,2.0,2,1,yes,no,no,no,no,yes,unfurnished,Bangalore
24171000.0,3377.0,4,2.0,3,1,yes,yes,no,no,no,no,unfurnished,Hyderabad
18298000.0,2217.0,3,,3,2,yes,no,no,no,no,no,semi-furnished,Hyderabad
23258000.0,3207.0,5,4.0,2,1,yes,yes,yes,no,no,yes,unfurnished,Hyderabad
33603000.0,2764.0,4,3.0,2,2,yes,no,yes,yes,yes,no,furnished,Delhi
10047000.0,1239.0,2,1.0,2,0,no,yes,yes,no,yes,no,semi-furnished,Kolkata
15533000.0,1782.0,2,1.0,2,0,no,no,no,yes,no,no,semi-furnished,Hyderabad
18070000.0,3064.0,4,3.0,3,1,no,no,yes,no,no,no,furnished,Kolkata
14683000.0,2289.0,2,1.0,1,0,yes,no,no,yes,no,yes,furnished,Ahmedabad
23349000.0,2332.0,2,1.0,1,1,no,yes,no,no,yes,no,furnished,Bangalore
28588000.0,3097.0,4,3.0,1,0,yes,no,no,no,yes,yes,semi-furnished,Bangalore
24728000.0,2813.0,4,4.0,2,1,no,no,yes,no,yes,no,furnished,Kolkata
23108000.0,2662.0,4,3.0,3,2,yes,yes,no,no,no,yes,furnished,Kolkata
33014000.0,1970.0,2,1.0,2,1,yes,yes,no,no,no,no,unfurnished,Mumbai
22733000.0,1886.0,2,3.0,2,2,yes,no,no,no,yes,no,furnished,Delhi
16515000.0,2083.0,3,3.0,2,2,yes,no,no,no,no,no,semi-furnished,Ahmedabad
27912000.0,3081.0,4,3.0,2,1,no,no,yes,no,no,no,unfurnished,Bangalore
19432000.0,2789.0,4,3.0,1,2,yes,no,no,yes,yes,no,semi-furnished,Kolkata
15724000.0,2497.0,3,2.0,2,1,yes,no,no,no,no,no,furnished,Ahmedabad
11278000.0,1131.0,3,3.0,2,2,yes,no,no,yes,yes,no,furnished,Hyderabad
22594000.0,3670.0,5,3.0,1,1,no,yes,yes,no,no,yes,unfurnished,Ahmedabad
22284000.0,3091.0,4,3.0,2,1,yes,no,no,no,no,yes,semi-furnished,Kolkata
58935000.0,3220.0,4,2.0,1,2,yes,yes,yes,no,no,no,furnished,Mumbai
12237000.0,2252.0,3,2.0,1,1,yes,no,yes,yes,yes,no,furnished,Kolkata
16336000.0,1985.0,3,3.0,3,1,yes,yes,no,no,no,no,unfurnished,Chennai
33826000.0,3897.0,6,5.0,2,2,yes,yes,yes,no,no,no,semi-furnished,Bangalore
11291000.0,1538.0,3,2.0,2,3,yes,yes,yes,no,no,yes,semi-furnished,Ahmedabad
11068000.0,1337.0,1,1.0,2,1,no,no,no,yes,no,no,unfurnished,Pune
20740000.0,1925.0,3,3.0,2,0,yes,no,yes,no,no,no,semi-furnished,Bangalore
20588000.0,2826.0,4,1.0,1,0,no,yes,no,no,no,no,furnished,Chennai
34515000.0,2057.0,2,2.0,4,2,yes,yes,yes,no,yes,no,semi-furnished,Mumbai
27621000.0,1693.0,3,1.0,2,2,yes,yes,no,no,no,no,unfurnished,Mumbai
21403000.0,3611.0,3,2.0,2,2,yes,yes,no,no,no,yes,unfurnished,Kolkata
16512000.0,1531.0,2,1.0,1,1,yes,yes,no,no,no,no,semi-furnished,Bangalore
9588000.0,1214.0,2,2.0,1,3,no,yes,no,yes,yes,yes,unfurnished,Ahmedabad
17674000.0,3244.0,4,4.0,2,2,yes,yes,yes,yes,no,no,semi-furnished,Kolkata
34057000.0,4181.0,6,4.0,1,1,no,yes,yes,no,no,no,semi-furnished,Pune
18550000.0,1959.0,3,2.0,2,1,yes,no,no,yes,no,no,unfurnished,Pune
50232000.0,2171.0,3,2.0,3,3,yes,no,yes,yes,no,yes,semi-furnished,Mumbai
21699000.0,3680.0,5,3.0,3,1,yes,no,no,no,no,no,semi-furnished,Ahmedabad
15592000.0,1694.0,2,1.0,2,1,yes,no,yes,no,yes,yes,unfurnished,Pune
23636000.0,2321.0,3,2.0,1,2,yes,no,no,no,no,yes,furnished,Delhi
20915000.0,1884.0,1,1.0,1,2,yes,no,yes,no,no,no,unfurnished,Bangalore
12851000.0,2011.0,3,2.0,2,0,no,no,no,no,no,no,unfurnished,Kolkata
40858000.0,2900.0,3,3.0,2,1,yes,no,no,no,yes,no,,Mumbai
11736000.0,985.0,1,1.0,2,1,yes,yes,yes,yes,no,no,semi-furnished,Delhi
44811000.0,2378.0,4,3.0,1,0,yes,yes,no,no,yes,no,unfurnished,Mumbai
25986000.0,3298.0,5,4.0,1,2,no,yes,no,yes,no,yes,furnished,Pune
41642000.0,3383.0,5,3.0,2,0,yes,no,no,no,no,yes,semi-furnished,Delhi
26373000.0,2227.0,2,2.0,2,0,no,yes,no,no,yes,no,unfurnished,Delhi
16876000.0,1453.0,2,1.0,3,1,no,no,no,yes,yes,yes,unfurnished,Bangalore
18840000.0,2210.0,2,1.0,2,2,yes,no,yes,no,no,no,furnished,Chennai
13347000.0,2282.0,3,2.0,2,1,yes,no,yes,no,yes,no,furnished,Kolkata
32921000.0,3391.0,5,4.0,2,2,yes,no,no,no,no,no,semi-furnished,Delhi
16004000.0,2008.0,2,1.0,1,2,yes,no,no,yes,no,no,semi-furnished,Kolkata
18255000.0,2323.0,3,2.0,3,0,no,no,no,no,yes,no,unfurnished,Hyderabad
38093000.0,3995.0,5,4.0,3,2,yes,yes,no,no,no,no,unfurnished,Bangalore
16342000.0,1630.0,3,3.0,1,2,yes,no,no,no,yes,yes,semi-furnished,Pune
16328000.0,,2,1.0,2,1,yes,no,yes,no,no,no,furnished,Chennai
6350000.0,1049.0,2,1.0,2,1,yes,yes,no,no,no,no,unfurnished,Kolkata
31387000.0,2430.0,3,2.0,3,2,yes,yes,no,no,no,yes,unfurnished,Bangalore
27239000.0,3073.0,4,2.0,2,1,yes,no,no,no,yes,yes,semi-furnished,Chennai
17473000.0,2089.0,2,,3,1,yes,no,no,no,no,no,semi-furnished,Kolkata
26296000.0,2063.0,3,2.0,3,2,no,yes,no,no,yes,no,semi-furnished,Delhi
82497000.0,5013.0,6,4.0,2,1,yes,no,no,yes,no,yes,furnished,Mumbai
19674000.0,2071.0,3,3.0,1,0,yes,no,no,yes,no,no,semi-furnished,Hyderabad
53114000.0,3607.0,4,2.0,2,1,yes,no,yes,no,no,no,semi-furnished,Mumbai
20616000.0,2290.0,3,2.0,2,1,no,no,no,no,yes,yes,unfurnished,Hyderabad
27692000.0,2525.0,3,2.0,2,0,yes,yes,no,no,yes,yes,furnished,Bangalore
72873000.0,4162.0,5,3.0,2,0,yes,no,yes,no,yes,no,furnished,Mumbai
17921000.0,2212.0,4,3.0,1,0,yes,yes,no,no,yes,no,semi-furnished,Hyderabad
22125000.0,2943.0,3,2.0,1,2,yes,no,yes,no,yes,no,furnished,Chennai
23221000.0,2322.0,2,2.0,2,2,yes,no,yes,no,yes,no,furnished,Bangalore
36329000.0,3136.0,4,3.0,1,2,yes,yes,yes,no,no,yes,unfurnished,Delhi
21809000.0,2819.0,3,2.0,2,0,yes,no,yes,no,no,no,unfurnished,Chennai
31645000.0,3918.0,6,4.0,2,2,no,no,no,no,no,yes,semi-furnished,Pune
34753000.0,3088.0,4,3.0,2,2,yes,no,no,no,yes,yes,unfurnished,Delhi
14143000.0,2379.0,4,3.0,1,2,yes,yes,no,no,yes,no,furnished,Kolkata
28025000.0,,2,,2,2,yes,no,no,no,no,no,semi-furnished,Mumbai
10822000.0,1247.0,2,2.0,3,1,yes,no,no,no,no,no,semi-furnished,Hyderabad
22270000.0,2466.0,3,2.0,3,0,yes,no,yes,yes,no,no,semi-furnished,Bangalore
59129000.0,5441.0,6,4.0,1,0,yes,yes,no,no,no,yes,unfurnished,Bangalore
19677000.0,2675.0,3,2.0,2,0,yes,no,yes,no,yes,no,furnished,Kolkata
24805000.0,3699.0,5,2.0,3,1,yes,no,yes,no,no,no,unfurnished,Hyderabad
36903000.0,3277.0,3,2.0,1,0,yes,yes,yes,no,no,yes,furnished,Delhi
23525000.0,1864.0,3,3.0,3,1,yes,no,no,no,yes,no,semi-furnished,Bangalore
38090000.0,2693.0,3,1.0,1,0,yes,no,no,no,yes,no,,Mumbai
16525000.0,1858.0,2,2.0,1,1,yes,no,yes,no,yes,no,furnished,Chennai
22977000.0,3135.0,4,3.0,3,2,yes,yes,no,no,no,no,semi-furnished,Ahmedabad
19634000.0,2696.0,3,2.0,1,1,yes,yes,no,no,no,no,furnished,Hyderabad
14947000.0,1984.0,2,1.0,1,0,yes,no,yes,no,yes,no,semi-furnished,Hyderabad
18527000.0,1886.0,3,3.0,2,2,yes,no,no,no,yes,no,semi-furnished,Pune
21672000.0,2358.0,4,2.0,2,1,yes,yes,no,no,yes,no,unfurnished,Pune
42592000.0,2568.0,3,2.0,1,0,yes,no,no,no,yes,no,unfurnished,Mumbai
50357000.0,4221.0,6,4.0,3,2,yes,no,yes,no,yes,no,furnished,Mumbai
20475000.0,1853.0,2,1.0,1,0,yes,no,no,yes,no,no,furnished,Bangalore
29783000.0,3211.0,3,2.0,3,0,yes,yes,no,no,no,no,furnished,Pune
33134000.0,3259.0,5,3.0,2,1,yes,no,no,no,no,no,unfurnished,Bangalore
17202000.0,2052.0,2,1.0,1,1,yes,no,yes,yes,yes,yes,semi-furnished,Pune
9565000.0,912.0,1,2.0,1,3,yes,yes,yes,yes,yes,no,semi-furnished,Pune
15199000.0,1715.0,1,1.0,3,2,no,no,no,no,no,yes,furnished,Chennai
24386000.0,1516.0,1,1.0,2,2,yes,yes,no,no,no,no,furnished,Mumbai
19562000.0,2873.0,4,3.0,3,1,no,no,no,no,no,no,semi-furnished,Hyderabad
29271000.0,2285.0,3,2.0,1,2,yes,no,yes,no,no,yes,unfurnished,Delhi
30639000.0,2773.0,3,2.0,1,0,no,yes,no,no,no,yes,unfurnished,Delhi
44103000.0,4106.0,6,4.0,3,1,yes,yes,no,no,yes,no,semi-furnished,Delhi
19045000.0,2507.0,3,2.0,3,1,no,no,yes,no,no,no,furnished,Hyderabad
19481000.0,2478.0,3,3.0,1,0,no,yes,yes,no,yes,no,unfurnished,Kolkata
33505000.0,3603.0,4,3.0,1,1,yes,no,no,yes,no,no,unfurnished,Bangalore
30340000.0,2806.0,5,3.0,2,0,no,yes,no,no,no,yes,unfurnished,Delhi
10849000.0,1513.0,3,3.0,2,1,yes,no,no,no,yes,yes,semi-furnished,Ahmedabad
17788000.0,3146.0,5,3.0,2,2,no,no,no,no,yes,no,semi-furnished,Ahmedabad
9033000.0,1484.0,2,3.0,3,1,yes,yes,no,no,no,no,semi-furnished,Ahmedabad
41056000.0,2333.0,3,1.0,1,2,yes,no,yes,no,no,yes,unfurnished,Mumbai
33425000.0,2896.0,3,2.0,2,2,yes,no,yes,no,no,no,furnished,Bangalore
18687000.0,2529.0,3,2.0,3,1,yes,yes,no,no,no,no,furnished,Pune
18654000.0,2685.0,3,1.0,2,2,yes,no,yes,yes,yes,no,furnished,Kolkata
20505000.0,3315.0,5,4.0,1,1,yes,no,no,no,yes,no,semi-furnished,Kolkata
53272000.0,5059.0,6,5.0,2,0,yes,no,no,no,no,yes,furnished,Bangalore
16090000.0,2135.0,3,3.0,1,3,yes,no,yes,no,no,no,furnished,Hyderabad
25165000.0,2667.0,4,3.0,1,2,yes,no,yes,no,no,no,semi-furnished,Chennai
42729000.0,3710.0,5,4.0,2,1,yes,no,yes,no,no,no,semi-furnished,Delhi
13574000.0,2371.0,3,2.0,2,1,yes,no,no,no,yes,no,furnished,Ahmedabad
23963000.0,2997.0,4,3.0,1,2,no,yes,no,yes,no,no,unfurnished,Chennai
28948000.0,4366.0,6,4.0,2,1,yes,no,yes,no,yes,no,furnished,Kolkata
23100000.0,2583.0,4,2.0,2,2,yes,no,yes,no,no,no,semi-furnished,Bangalore
24828000.0,2512.0,3,1.0,3,0,no,no,no,no,no,no,,Bangalore
22629000.0,2800.0,3,2.0,1,1,yes,no,yes,no,no,no,furnished,Hyderabad
7523000.0,914.0,1,1.0,1,3,yes,yes,no,no,no,yes,furnished,Hyderabad
19410000.0,2690.0,3,2.0,2,1,yes,yes,yes,no,no,no,furnished,Chennai
18137000.0,3692.0,4,3.0,3,1,yes,no,yes,no,yes,no,unfurnished,Ahmedabad
57472000.0,3001.0,3,1.0,2,0,yes,no,no,no,yes,yes,furnished,Mumbai
39721000.0,,6,3.0,3,0,yes,no,yes,no,yes,yes,unfurnished,Bangalore
14539000.0,1806.0,2,,4,2,yes,no,no,no,no,no,unfurnished,Kolkata
50145000.0,3053.0,4,3.0,2,1,yes,yes,no,no,yes,no,semi-furnished,Mumbai
23000000.0,2905.0,3,3.0,2,1,yes,no,no,no,yes,no,unfurnished,Pune
24133000.0,2923.0,5,4.0,2,1,yes,no,yes,no,no,no,furnished,Hyderabad
29268000.0,3344.0,4,4.0,2,0,yes,no,no,no,no,yes,unfurnished,Pune
16793000.0,1451.0,1,2.0,1,0,yes,yes,yes,no,yes,no,unfurnished,Bangalore
23415000.0,2994.0,4,2.0,1,2,yes,no,no,no,no,yes,unfurnished,Chennai
15090000.0,1887.0,2,2.0,2,1,yes,no,no,no,no,no,semi-furnished,Pune
23148000.0,3719.0,5,3.0,2,2,yes,no,yes,no,no,no,unfurnished,Ahmedabad
57622000.0,3587.0,5,4.0,1,0,yes,yes,no,yes,no,no,furnished,Mumbai
18642000.0,2768.0,4,3.0,3,3,yes,no,yes,no,no,yes,furnished,Ahmedabad
18604000.0,2266.0,4,3.0,2,1,yes,no,no,no,yes,no,unfurnished,Pune
25305000.0,2253.0,2,2.0,2,2,yes,no,no,no,no,no,semi-furnished,Delhi
34371000.0,3136.0,5,3.0,2,2,yes,no,no,no,no,no,semi-furnished,Bangalore
41090000.0,5323.0,6,5.0,3,0,yes,no,no,no,no,no,semi-furnished,Pune
13937000.0,1441.0,2,2.0,2,1,yes,no,yes,yes,no,no,semi-furnished,Pune
22526000.0,2889.0,4,3.0,1,1,no,yes,yes,no,yes,no,semi-furnished,Kolkata
60292000.0,6276.0,6,4.0,1,1,yes,no,yes,no,yes,yes,,Pune
29836000.0,2404.0,3,1.0,3,1,yes,no,no,yes,no,no,semi-furnished,Delhi
41289000.0,3703.0,5,3.0,2,2,no,no,yes,no,yes,yes,semi-furnished,Delhi
52740000.0,4165.0,5,3.0,1,2,yes,no,no,no,no,no,semi-furnished,Delhi
19537000.0,1460.0,2,1.0,2,1,yes,no,no,no,no,no,semi-furnished,Delhi
25385000.0,2153.0,2,1.0,1,2,yes,no,no,yes,no,no,furnished,Delhi
19228000.0,2274.0,2,1.0,1,1,yes,no,yes,no,no,yes,furnished,Pune
27301000.0,3146.0,4,3.0,2,1,yes,yes,yes,no,yes,no,semi-furnished,Hyderabad
47529000.0,2690.0,4,4.0,2,1,yes,no,no,no,no,no,furnished,Mumbai
20518000.0,3610.0,5,3.0,2,1,yes,no,yes,yes,yes,no,unfurnished,Kolkata
24948000.0,3164.0,5,4.0,2,1,yes,no,no,no,yes,yes,unfurnished,Kolkata
22330000.0,3006.0,4,3.0,2,1,yes,no,no,no,yes,no,unfurnished,Hyderabad
15355000.0,1889.0,2,2.0,2,0,yes,no,no,no,yes,no,furnished,Pune
38753000.0,4545.0,6,4.0,1,0,yes,yes,yes,no,no,no,furnished,Pune
28344000.0,1961.0,3,2.0,2,2,yes,no,yes,no,yes,no,semi-furnished,Mumbai
16147000.0,1803.0,2,1.0,1,1,yes,yes,yes,yes,no,no,furnished,Hyderabad
14954000.0,1843.0,3,2.0,3,2,no,yes,yes,no,yes,yes,semi-furnished,Ahmedabad
23493000.0,3708.0,5,3.0,2,1,yes,no,no,no,no,no,furnished,Kolkata
21579000.0,3767.0,5,3.0,1,0,yes,no,no,no,no,no,semi-furnished,Kolkata
35774000.0,3871.0,5,4.0,1,0,yes,yes,yes,no,no,no,unfurnished,Bangalore
34378000.0,1914.0,2,1.0,1,0,yes,no,no,no,no,no,semi-furnished,Mumbai
18279000.0,2501.0,3,2.0,2,1,yes,yes,no,yes,no,yes,furnished,Ahmedabad
34132000.0,3360.0,5,3.0,1,2,yes,no,no,no,no,yes,furnished,Bangalore
27031000.0,2506.0,4,4.0,1,0,yes,no,yes,yes,no,no,furnished,Bangalore
16432000.0,2720.0,4,2.0,1,2,yes,no,no,no,yes,yes,unfurnished,Ahmedabad
20851000.0,2143.0,4,1.0,3,0,yes,yes,yes,yes,yes,yes,furnished,Bangalore
17819000.0,2400.0,3,2.0,3,1,no,no,no,no,no,yes,unfurnished,Hyderabad
70205000.0,3805.0,5,4.0,2,3,yes,no,no,no,no,no,unfurnished,Mumbai
22449000.0,2776.0,3,2.0,1,0,no,no,no,yes,yes,no,semi-furnished,Pune
27792000.0,1542.0,2,1.0,1,1,yes,no,yes,no,no,no,semi-furnished,Mumbai
20761000.0,2652.0,5,3.0,1,1,yes,yes,no,no,no,no,semi-furnished,Chennai
15834000.0,2075.0,3,2.0,1,0,yes,no,yes,no,no,no,unfurnished,Hyderabad
31410000.0,1651.0,2,2.0,2,1,no,no,no,no,yes,no,furnished,Mumbai
28062000.0,2448.0,4,3.0,3,0,yes,no,yes,no,no,no,unfurnished,Delhi
15815000.0,2390.0,3,2.0,1,2,yes,no,no,no,no,no,semi-furnished,Chennai
14619000.0,1699.0,3,2.0,1,1,yes,no,yes,no,yes,no,unfurnished,Hyderabad
22547000.0,2119.0,3,2.0,1,1,yes,yes,no,no,yes,no,semi-furnished,Bangalore
73232000.0,4477.0,6,5.0,1,0,yes,yes,yes,no,no,no,semi-furnished,Mumbai
32007000.0,4728.0,6,4.0,1,2,yes,no,no,no,no,no,semi-furnished,Hyderabad
56117000.0,3347.0,4,2.0,1,1,yes,no,no,no,yes,no,furnished,Mumbai
22239000.0,4163.0,5,4.0,3,2,yes,no,no,yes,no,no,semi-furnished,Kolkata
22991000.0,3602.0,4,3.0,4,2,yes,no,no,no,yes,no,semi-furnished,Kolkata
8042000.0,1183.0,2,1.0,1,0,yes,no,no,no,no,no,furnished,Pune
17099000.0,1623.0,3,2.0,2,1,no,no,no,yes,yes,yes,semi-furnished,Bangalore
57497000.0,3636.0,5,4.0,3,1,yes,no,no,no,no,no,furnished,Mumbai
29835000.0,4359.0,5,3.0,1,1,yes,no,no,no,yes,yes,unfurnished,Chennai
25903000.0,2629.0,3,2.0,4,2,yes,no,no,no,yes,yes,semi-furnished,Pune
24885000.0,4532.0,6,5.0,2,0,yes,no,no,no,yes,no,unfurnished,Ahmedabad
23194000.0,1759.0,3,2.0,1,1,yes,no,no,no,yes,no,unfurnished,Delhi
14226000.0,2072.0,2,1.0,1,2,yes,no,no,no,no,no,furnished,Chennai
13781000.0,2211.0,3,3.0,2,3,yes,no,yes,no,no,yes,semi-furnished,Kolkata
31595000.0,3593.0,5,4.0,2,2,yes,no,no,no,no,no,furnished,Chennai
46452000.0,2268.0,4,3.0,1,1,yes,yes,yes,no,yes,yes,unfurnished,Mumbai
10826000.0,1896.0,3,2.0,3,1,yes,no,yes,no,yes,no,furnished,Ahmedabad
15236000.0,1613.0,2,1.0,2,2,yes,yes,no,no,yes,yes,semi-furnished,Hyderabad
22195000.0,2159.0,3,2.0,1,2,yes,no,no,no,yes,yes,unfurnished,Delhi
73870000.0,4294.0,5,4.0,1,2,no,no,yes,no,no,no,unfurnished,Mumbai
39680000.0,2213.0,2,1.0,2,2,yes,no,yes,no,yes,no,semi-furnished,Mumbai
18721000.0,2675.0,2,1.0,2,0,yes,no,no,no,no,no,unfurnished,Ahmedabad
32019000.0,3098.0,4,3.0,3,1,yes,no,no,no,yes,no,semi-furnished,Delhi
24264000.0,1999.0,4,3.0,3,0,yes,no,no,yes,yes,no,furnished,Delhi
31060000.0,3098.0,5,4.0,2,0,yes,no,yes,no,no,no,unfurnished,Bangalore
25972000.0,2442.0,3,3.0,3,3,yes,yes,no,no,yes,no,semi-furnished,Bangalore
14016000.0,1969.0,3,2.0,2,1,yes,no,no,no,yes,no,furnished,Ahmedabad
23445000.0,2812.0,4,2.0,3,0,no,yes,yes,no,no,yes,furnished,Hyderabad
14850000.0,2183.0,3,2.0,1,1,yes,yes,no,no,no,no,unfurnished,Hyderabad
18180000.0,1958.0,2,2.0,2,1,yes,no,no,no,yes,yes,semi-furnished,Pune
24457000.0,2860.0,4,2.0,2,0,no,yes,no,yes,no,no,furnished,Hyderabad
34168000.0,1920.0,3,2.0,1,0,yes,no,yes,no,no,no,furnished,Mumbai
8605000.0,1172.0,1,1.0,2,1,yes,yes,yes,no,no,no,semi-furnished,Kolkata
3810000.0,620.0,5,3.0,2,2,yes,no,no,no,no,no,semi-furnished,Bangalore
26057000.0,3667.0,5,4.0,3,1,yes,no,yes,no,no,no,unfurnished,Hyderabad
30123000.0,2814.0,4,3.0,1,0,no,no,no,no,yes,no,semi-furnished,Delhi
20222000.0,2110.0,2,1.0,1,1,yes,no,no,no,no,no,furnished,Pune
15025000.0,1922.0,3,2.0,3,1,yes,no,no,no,yes,no,,Kolkata
22870000.0,2582.0,2,1.0,2,1,yes,no,no,no,no,yes,furnished,Hyderabad
11691000.0,1466.0,2,1.0,2,2,yes,no,no,no,no,no,semi-furnished,Kolkata
19242000.0,2799.0,3,2.0,2,2,yes,no,yes,no,yes,no,semi-furnished,Ahmedabad
36625000.0,3495.0,4,4.0,2,1,yes,no,yes,no,no,no,unfurnished,Delhi
14817000.0,1844.0,2,1.0,1,0,no,yes,no,no,no,yes,furnished,Kolkata
29654000.0,3248.0,3,2.0,1,0,yes,no,no,no,no,no,unfurnished,Bangalore
40425000.0,3231.0,4,3.0,2,0,yes,yes,no,no,no,no,semi-furnished,Delhi
20818000.0,2952.0,5,4.0,3,2,yes,no,no,no,yes,no,unfurnished,Kolkata
16771000.0,2818.0,4,2.0,1,2,yes,no,no,no,no,no,unfurnished,Kolkata
13812000.0,1486.0,2,1.0,3,1,yes,no,yes,no,yes,no,furnished,Pune
9381000.0,1442.0,2,2.0,3,1,yes,yes,no,no,no,no,furnished,Kolkata
38636000.0,3241.0,4,2.0,1,2,yes,yes,yes,no,yes,yes,furnished,Delhi
25466000.0,3219.0,4,3.0,2,2,yes,yes,yes,no,yes,no,unfurnished,Kolkata
35005000.0,3755.0,5,3.0,2,3,yes,no,no,no,no,no,furnished,Bangalore
40713000.0,2153.0,3,2.0,2,1,yes,yes,no,no,no,no,unfurnished,Mumbai
41298000.0,4147.0,6,4.0,2,2,no,yes,no,no,no,no,semi-furnished,Delhi
12779000.0,1627.0,3,2.0,3,1,yes,no,yes,no,yes,no,semi-furnished,Hyderabad
29241000.0,1485.0,2,2.0,2,2,yes,no,no,no,no,yes,semi-furnished,Mumbai
18231000.0,2672.0,4,3.0,3,1,yes,no,no,no,no,no,semi-furnished,Ahmedabad
21922000.0,2068.0,3,3.0,3,0,yes,no,yes,yes,no,yes,furnished,Bangalore
16567000.0,1748.0,3,2.0,2,1,yes,yes,no,no,no,no,semi-furnished,Pune
14765000.0,2145.0,2,2.0,1,0,yes,no,no,yes,no,no,furnished,Kolkata
17113000.0,2037.0,2,2.0,2,1,yes,yes,no,no,no,no,unfurnished,Pune
23349000.0,2152.0,3,2.0,3,1,yes,no,yes,no,no,no,semi-furnished,Bangalore
11851000.0,1823.0,2,1.0,1,1,yes,no,yes,no,no,no,unfurnished,Kolkata
27043000.0,3073.0,5,4.0,1,0,yes,yes,no,no,yes,no,semi-furnished,Chennai
31159000.0,2644.0,3,3.0,1,2,yes,no,no,no,yes,no,semi-furnished,Delhi
27544000.0,3851.0,5,4.0,2,2,no,no,yes,no,no,no,unfurnished,Hyderabad
36066000.0,3601.0,5,4.0,2,0,no,yes,no,no,yes,yes,semi-furnished,Bangalore
16680000.0,1563.0,2,1.0,3,2,yes,yes,no,no,no,yes,semi-furnished,Delhi
21706000.0,3870.0,6,4.0,2,1,yes,yes,no,no,yes,no,semi-furnished,Kolkata
28747000.0,,3,2.0,2,1,yes,no,no,no,yes,no,semi-furnished,Bangalore
25463000.0,3783.0,6,4.0,2,1,yes,yes,no,no,no,no,unfurnished,Hyderabad
21391000.0,1942.0,4,3.0,1,0,yes,yes,no,no,no,no,unfurnished,Delhi
13470000.0,2300.0,3,3.0,2,1,yes,no,no,no,no,yes,furnished,Hyderabad
32510000.0,3549.0,5,3.0,1,0,yes,no,yes,no,yes,yes,furnished,Bangalore
12101000.0,1363.0,1,1.0,2,1,yes,no,no,no,no,no,unfurnished,Hyderabad
31678000.0,2135.0,2,1.0,3,0,yes,no,no,no,yes,no,furnished,Mumbai
28678000.0,1486.0,2,2.0,1,0,yes,yes,yes,yes,no,no,furnished,Mumbai
10386000.0,1320.0,2,1.0,1,2,yes,no,no,no,yes,yes,unfurnished,Kolkata
38423000.0,4162.0,6,5.0,2,1,yes,yes,yes,yes,no,no,unfurnished,Bangalore
19489000.0,3068.0,4,3.0,2,0,yes,yes,no,no,no,no,furnished,Pune
59259000.0,3818.0,5,3.0,2,1,yes,yes,yes,no,yes,no,semi-furnished,Mumbai
16685000.0,1571.0,4,2.0,3,0,yes,no,no,yes,yes,no,unfurnished,Delhi
14761000.0,1714.0,3,1.0,1,0,yes,no,no,no,no,no,furnished,Chennai
15376000.0,1829.0,3,2.0,1,1,yes,yes,no,no,no,no,semi-furnished,Chennai
19327000.0,2854.0,4,2.0,1,1,yes,yes,no,no,no,yes,furnished,Ahmedabad
26956000.0,1641.0,3,2.0,1,1,yes,no,no,no,no,no,furnished,Mumbai
27289000.0,,4,4.0,3,1,yes,no,no,no,no,no,furnished,Bangalore
23921000.0,2259.0,3,1.0,3,1,yes,no,yes,no,no,no,,Bangalore
40825000.0,2394.0,5,3.0,2,3,yes,no,yes,no,no,no,semi-furnished,Mumbai
32149000.0,3087.0,4,3.0,2,1,yes,yes,no,no,no,no,furnished,Delhi
41445000.0,2336.0,3,2.0,1,3,yes,no,no,no,no,no,furnished,Mumbai
44019000.0,5316.0,6,4.0,1,1,yes,yes,no,no,no,no,unfurnished,Pune
26206000.0,1503.0,1,1.0,2,1,yes,no,no,no,no,yes,semi-furnished,Mumbai
36374000.0,5248.0,6,5.0,1,1,yes,no,yes,no,no,no,,Chennai
45123000.0,3014.0,5,3.0,2,2,yes,yes,no,yes,no,no,semi-furnished,Mumbai
13364000.0,1682.0,2,1.0,2,0,no,no,no,no,yes,no,furnished,Kolkata
18816000.0,2453.0,3,2.0,3,0,yes,no,yes,no,yes,no,furnished,Ahmedabad
19450000.0,3143.0,4,2.0,2,1,yes,yes,no,no,yes,no,unfurnished,Ahmedabad
18449000.0,2013.0,3,2.0,3,1,yes,yes,yes,yes,yes,no,semi-furnished,Hyderabad
19296000.0,2869.0,4,3.0,1,1,no,no,yes,no,no,yes,semi-furnished,Kolkata
24077000.0,2652.0,3,2.0,1,1,yes,no,no,no,yes,no,unfurnished,Bangalore
20909000.0,4136.0,6,5.0,1,2,yes,no,yes,no,no,no,unfurnished,Ahmedabad
20337000.0,2475.0,3,2.0,1,0,yes,yes,yes,yes,no,yes,semi-furnished,Chennai
20329000.0,2414.0,4,2.0,2,0,yes,no,no,no,no,no,furnished,Pune
23060000.0,3562.0,4,3.0,2,1,yes,no,yes,no,yes,no,furnished,Kolkata
34153000.0,3033.0,5,4.0,1,1,yes,no,no,yes,no,no,furnished,Delhi
24247000.0,3198.0,5,3.0,2,1,yes,yes,no,no,no,no,unfurnished,Pune
17737000.0,2805.0,4,3.0,2,3,yes,yes,no,no,no,no,,Chennai
35865000.0,3220.0,5,3.0,2,1,yes,no,no,no,yes,no,unfurnished,Bangalore
23802000.0,2918.0,4,4.0,2,1,yes,no,no,no,no,no,unfurnished,Pune
43591000.0,2613.0,3,3.0,1,1,no,no,no,yes,yes,no,semi-furnished,Mumbai
37771000.0,3388.0,6,5.0,2,0,yes,no,no,no,no,yes,unfurnished,Bangalore
23557000.0,2769.0,4,3.0,3,2,yes,yes,yes,yes,yes,yes,semi-furnished,Pune
40477000.0,2563.0,3,1.0,2,0,yes,yes,no,yes,no,no,unfurnished,Mumbai
21833000.0,2151.0,2,1.0,1,1,yes,no,no,no,yes,yes,furnished,Bangalore
15669000.0,2289.0,3,2.0,1,1,yes,no,no,no,no,no,unfurnished,Kolkata
36740000.0,4124.0,6,5.0,2,0,yes,no,no,no,yes,yes,furnished,Bangalore
12643000.0,1702.0,3,2.0,2,1,yes,no,yes,no,yes,yes,furnished,Ahmedabad
54967000.0,3686.0,5,3.0,1,2,no,no,no,yes,no,no,unfurnished,Mumbai
11272000.0,2565.0,4,2.0,2,3,yes,yes,no,yes,no,no,unfurnished,Ahmedabad
65285000.0,3736.0,3,2.0,2,1,yes,no,no,no,yes,no,unfurnished,Mumbai
35479000.0,2615.0,4,3.0,2,1,yes,yes,no,no,no,no,furnished,Delhi
14385000.0,1801.0,2,1.0,3,0,yes,no,no,no,yes,no,unfurnished,Hyderabad
17060000.0,2290.0,3,2.0,3,0,yes,no,no,no,yes,no,furnished,Hyderabad
38204000.0,3922.0,6,3.0,3,2,yes,yes,no,no,yes,no,furnished,Delhi
19022000.0,2827.0,4,3.0,3,1,yes,no,no,no,no,no,semi-furnished,Kolkata
13622000.0,1228.0,1,1.0,2,1,yes,yes,yes,no,no,yes,furnished,Bangalore
20231000.0,3741.0,5,3.0,1,0,yes,yes,yes,no,no,yes,semi-furnished,Ahmedabad
23984000.0,3039.0,4,3.0,2,0,yes,no,no,no,no,yes,unfurnished,Chennai
19935000.0,2753.0,3,2.0,2,3,yes,no,no,yes,yes,no,unfurnished,Chennai
16685000.0,1880.0,3,2.0,2,3,yes,no,no,no,no,no,unfurnished,Hyderabad
23491000.0,3892.0,5,3.0,1,1,yes,yes,no,no,yes,no,furnished,Ahmedabad
20176000.0,3134.0,4,2.0,2,1,yes,yes,no,no,no,no,semi-furnished,Ahmedabad
46815000.0,2596.0,5,3.0,3,1,no,no,no,no,no,no,,Mumbai
13172000.0,1847.0,3,2.0,2,1,yes,no,yes,no,yes,no,furnished,Hyderabad
25751000.0,3694.0,6,4.0,1,2,yes,yes,no,no,yes,no,unfurnished,Kolkata
47582000.0,2768.0,4,2.0,2,1,yes,no,yes,no,no,yes,unfurnished,Mumbai
20452000.0,2982.0,3,2.0,2,2,yes,no,no,no,no,no,semi-furnished,Kolkata
32667000.0,2955.0,5,5.0,3,1,yes,no,yes,yes,no,yes,semi-furnished,Bangalore
21194000.0,1849.0,2,2.0,1,2,yes,yes,yes,no,no,no,furnished,Bangalore
11972000.0,1524.0,2,2.0,2,1,no,no,yes,no,yes,yes,furnished,Chennai
10146000.0,1191.0,1,1.0,1,0,yes,no,yes,no,yes,no,unfurnished,Chennai
23440000.0,2279.0,3,2.0,2,2,yes,yes,no,yes,no,yes,semi-furnished,Bangalore
37169000.0,2020.0,2,1.0,3,1,no,no,yes,no,yes,no,unfurnished,Mumbai
21321000.0,2439.0,3,2.0,2,1,yes,no,no,no,no,no,semi-furnished,Chennai
45227000.0,3651.0,5,3.0,2,2,yes,no,no,no,no,no,furnished,Delhi
36930000.0,2188.0,2,1.0,1,1,yes,yes,no,no,no,no,furnished,Mumbai
24752000.0,2734.0,3,3.0,1,2,yes,no,yes,no,no,yes,furnished,Chennai
17054000.0,1371.0,2,2.0,2,2,yes,no,no,no,no,no,semi-furnished,Bangalore
27975000.0,3040.0,4,3.0,2,1,yes,no,no,no,no,no,semi-furnished,Chennai
45439000.0,3228.0,4,3.0,3,1,yes,yes,no,no,no,no,semi-furnished,Mumbai
14815000.0,1203.0,3,2.0,1,1,yes,no,yes,no,no,no,semi-furnished,Delhi
18363000.0,2258.0,3,1.0,1,1,yes,yes,no,no,no,yes,furnished,Pune
24130000.0,1264.0,2,1.0,1,2,yes,yes,no,no,no,no,semi-furnished,Mumbai
12365000.0,2157.0,3,2.0,2,1,no,yes,no,no,yes,yes,unfurnished,Ahmedabad
30649000.0,1746.0,3,2.0,3,1,yes,yes,no,no,no,no,furnished,Mumbai
21550000.0,2502.0,3,2.0,2,2,yes,no,no,no,no,no,semi-furnished,Chennai
82760000.0,6360.0,6,4.0,2,2,yes,yes,no,no,yes,no,semi-furnished,Delhi
18064000.0,1803.0,2,2.0,1,2,yes,no,yes,no,yes,no,unfurnished,Pune
18539000.0,3041.0,4,3.0,1,1,yes,no,yes,no,no,no,unfurnished,Ahmedabad
14759000.0,1255.0,2,1.0,2,1,yes,no,yes,no,no,no,furnished,Bangalore
10429000.0,1615.0,2,1.0,1,1,yes,no,yes,no,no,no,semi-furnished,Kolkata
33455000.0,5206.0,6,4.0,2,1,no,no,yes,no,yes,yes,unfurnished,Ahmedabad
21208000.0,1583.0,3,2.0,3,0,yes,no,yes,no,yes,no,furnished,Delhi
43639000.0,3893.0,5,3.0,2,1,yes,no,no,no,no,no,semi-furnished,Delhi
21733000.0,2658.0,3,1.0,2,0,yes,no,yes,yes,no,no,semi-furnished,Pune
46718000.0,2458.0,3,3.0,2,0,yes,no,no,no,yes,no,unfurnished,Mumbai
40849000.0,5574.0,6,4.0,1,1,yes,no,no,no,yes,no,unfurnished,Kolkata
11853000.0,1570.0,2,2.0,2,2,yes,no,yes,no,no,no,semi-furnished,Kolkata
16241000.0,1654.0,2,2.0,2,1,no,yes,no,no,yes,no,semi-furnished,Delhi
36298000.0,3725.0,5,4.0,2,1,yes,yes,no,no,no,yes,unfurnished,Bangalore
43899000.0,,5,3.0,2,0,yes,yes,no,no,no,no,semi-furnished,Delhi
43803000.0,6726.0,6,4.0,1,0,yes,no,no,no,yes,no,furnished,Ahmedabad
30790000.0,,2,2.0,1,2,yes,yes,yes,no,yes,no,furnished,Mumbai
18795000.0,2043.0,2,,2,0,no,no,no,no,no,yes,furnished,Pune
14194000.0,2454.0,3,1.0,1,2,yes,yes,no,no,no,no,unfurnished,Ahmedabad
45888000.0,2731.0,4,4.0,3,1,no,yes,yes,no,no,yes,unfurnished,Mumbai
18627000.0,2349.0,3,2.0,1,0,yes,no,no,yes,no,no,unfurnished,Chennai
13995000.0,1616.0,4,2.0,1,2,yes,no,yes,no,no,no,semi-furnished,Chennai
13762000.0,2572.0,4,3.0,1,0,yes,no,no,no,no,no,semi-furnished,Ahmedabad
23845000.0,2833.0,5,3.0,1,2,yes,no,no,yes,no,yes,furnished,Chennai
30369000.0,2613.0,4,3.0,1,1,yes,no,no,no,no,no,semi-furnished,Bangalore
23264000.0,3712.0,5,3.0,1,0,yes,no,no,no,yes,no,unfurnished,Hyderabad
23338000.0,2086.0,3,2.0,4,1,yes,no,no,yes,no,no,unfurnished,Bangalore
15991000.0,856.0,2,1.0,1,2,yes,no,no,no,no,no,furnished,Mumbai
29329000.0,1592.0,1,1.0,2,0,yes,no,yes,no,yes,no,unfurnished,Mumbai
37527000.0,2304.0,3,2.0,3,0,yes,no,no,no,yes,no,unfurnished,Mumbai
49444000.0,3131.0,4,3.0,3,2,yes,yes,yes,no,no,no,furnished,Mumbai
11494000.0,1148.0,2,1.0,3,1,yes,no,no,no,no,no,unfurnished,Chennai
20807000.0,2002.0,3,1.0,1,1,yes,yes,yes,no,no,yes,furnished,Chennai
17297000.0,2059.0,3,3.0,3,1,yes,no,no,no,yes,yes,unfurnished,Pune
15325000.0,2225.0,2,1.0,1,1,yes,yes,no,no,no,yes,semi-furnished,Chennai
15259000.0,1877.0,3,1.0,2,0,yes,no,no,no,no,no,unfurnished,Delhi
40968000.0,5291.0,6,4.0,2,1,yes,no,no,no,yes,yes,unfurnished,Chennai
15363000.0,1753.0,3,2.0,2,0,yes,yes,yes,no,no,no,semi-furnished,Chennai
14258000.0,3093.0,4,4.0,2,0,yes,no,no,no,no,no,semi-furnished,Ahmedabad
21383000.0,2416.0,3,2.0,1,1,no,no,no,no,yes,no,unfurnished,Pune
54932000.0,3079.0,4,3.0,3,1,yes,no,no,no,no,yes,furnished,Mumbai
27589000.0,4008.0,6,4.0,2,0,no,no,no,no,no,no,unfurnished,Bangalore
9716000.0,954.0,1,2.0,2,0,yes,yes,yes,no,yes,no,unfurnished,Bangalore
40493000.0,3844.0,5,4.0,3,1,yes,yes,yes,no,no,no,unfurnished,Delhi
29455000.0,2815.0,5,3.0,1,2,yes,yes,no,no,yes,yes,semi-furnished,Bangalore
18677000.0,2330.0,4,4.0,3,3,no,no,no,no,no,no,semi-furnished,Ahmedabad
23979900.0,1688.0,2,2.0,3,2,yes,no,yes,no,no,no,unfurnished,Kolkata
18869000.0,1297.0,1,1.0,3,1,yes,no,yes,yes,no,no,semi-furnished,Mumbai
25581000.0,2146.0,3,2.0,2,0,yes,no,yes,no,yes,no,semi-furnished,Delhi
16524000.0,2252.0,4,3.0,2,2,yes,no,yes,no,no,no,unfurnished,Chennai
13841000.0,1751.0,3,3.0,1,2,yes,yes,yes,no,no,no,semi-furnished,Kolkata
39178000.0,2522.0,3,3.0,1,1,yes,no,yes,no,no,no,unfurnished,Mumbai
18377000.0,3005.0,3,3.0,1,2,yes,no,no,no,no,no,furnished,Ahmedabad
45943000.0,2793.0,4,1.0,2,0,yes,no,yes,no,yes,no,unfurnished,Mumbai
26148000.0,4436.0,6,4.0,2,0,yes,no,yes,no,yes,no,semi-furnished,Ahmedabad
25585000.0,2060.0,2,1.0,2,2,yes,yes,yes,no,no,no,furnished,Delhi
26064000.0,2192.0,3,3.0,1,0,yes,yes,no,no,no,yes,semi-furnished,Delhi
46667000.0,2918.0,3,3.0,4,0,yes,yes,yes,no,no,yes,semi-furnished,Mumbai
23990000.0,2723.0,3,3.0,2,2,yes,yes,no,no,no,yes,furnished,Chennai
21808000.0,2717.0,3,2.0,1,1,yes,no,no,no,yes,no,unfurnished,Hyderabad
30126000.0,3397.0,5,3.0,2,1,yes,no,no,yes,no,no,furnished,Pune
55627000.0,3717.0,6,5.0,1,1,yes,no,no,no,no,no,unfurnished,Mumbai
37965000.0,2010.0,3,2.0,2,2,yes,no,no,no,yes,yes,unfurnished,Mumbai
27060000.0,1881.0,2,2.0,3,1,yes,no,no,no,yes,no,furnished,Delhi
49435000.0,3361.0,4,2.0,3,2,yes,no,yes,yes,yes,no,semi-furnished,Mumbai
26235000.0,1511.0,2,1.0,2,0,yes,yes,no,no,no,yes,furnished,Mumbai
21685000.0,2684.0,3,2.0,1,0,yes,yes,no,no,yes,yes,semi-furnished,Hyderabad
59215000.0,4869.0,6,5.0,2,1,yes,no,no,no,no,yes,semi-furnished,Delhi
26928000.0,4380.0,6,4.0,2,2,no,no,no,no,no,no,unfurnished,Ahmedabad
17915000.0,2597.0,4,3.0,2,1,yes,no,no,no,yes,no,furnished,Kolkata
29593000.0,1493.0,2,2.0,2,1,yes,yes,no,no,no,no,semi-furnished,Mumbai
22245000.0,2262.0,1,1.0,3,0,yes,yes,no,no,no,no,unfurnished,Pune
11395000.0,1447.0,2,2.0,1,1,yes,no,no,no,no,no,semi-furnished,Chennai
18643000.0,2383.0,3,2.0,2,1,yes,no,no,no,no,no,furnished,Hyderabad
23235000.0,2437.0,4,2.0,1,0,yes,no,no,yes,yes,no,furnished,Chennai
15648000.0,2382.0,4,2.0,1,0,no,yes,yes,no,no,no,semi-furnished,Ahmedabad
28588000.0,3400.0,4,4.0,2,0,yes,yes,yes,yes,no,no,unfurnished,Bangalore
34223000.0,5397.0,6,4.0,1,1,yes,no,yes,no,no,no,furnished,Ahmedabad
39709000.0,,5,,3,2,yes,no,yes,no,yes,no,unfurnished,Chennai
22833000.0,1829.0,1,1.0,2,1,yes,no,no,no,no,yes,unfurnished,Bangalore
43244000.0,2725.0,4,2.0,2,0,no,yes,no,yes,yes,no,semi-furnished,Mumbai
52329000.0,3176.0,4,2.0,3,2,yes,no,no,no,no,no,semi-furnished,Mumbai
9717000.0,1272.0,2,2.0,1,1,no,no,no,no,yes,yes,semi-furnished,Hyderabad
16046000.0,2824.0,4,2.0,2,2,no,no,no,yes,no,no,semi-furnished,Ahmedabad
23527000.0,1236.0,1,1.0,3,1,yes,no,no,no,no,no,semi-furnished,Mumbai
8456000.0,1003.0,1,1.0,2,3,yes,yes,no,no,yes,no,semi-furnished,Chennai
41638000.0,3832.0,5,4.0,2,1,yes,yes,no,no,yes,no,unfurnished,Delhi
62573000.0,3799.0,5,3.0,2,0,yes,yes,yes,no,yes,no,furnished,Mumbai
52173000.0,2592.0,4,3.0,1,1,yes,no,yes,no,no,yes,semi-furnished,Mumbai
26918000.0,,2,1.0,1,3,yes,no,no,no,no,no,semi-furnished,Mumbai
22091000.0,3163.0,4,3.0,2,3,yes,no,yes,yes,yes,no,furnished,Chennai
25174000.0,2007.0,3,2.0,1,1,yes,no,yes,no,yes,no,unfurnished,Bangalore
25941000.0,2767.0,3,4.0,2,0,yes,no,no,no,no,no,semi-furnished,Bangalore
30221000.0,1717.0,2,1.0,2,0,yes,yes,yes,no,no,yes,semi-furnished,Mumbai
21112000.0,2713.0,3,2.0,2,1,yes,yes,yes,yes,no,yes,semi-furnished,Hyderabad
14720000.0,1545.0,2,,1,1,yes,no,no,no,no,no,semi-furnished,Hyderabad
27262000.0,3456.0,4,,2,1,yes,no,no,no,yes,yes,semi-furnished,Chennai
32507000.0,1770.0,2,1.0,1,0,yes,no,no,no,no,no,unfurnished,Mumbai
39918000.0,2264.0,3,2.0,2,1,yes,no,no,no,yes,yes,furnished,Mumbai
20990000.0,2631.0,3,3.0,3,0,yes,yes,no,no,no,no,semi-furnished,Kolkata
13556000.0,1592.0,3,2.0,2,2,yes,no,yes,no,yes,no,unfurnished,Pune
37823000.0,3416.0,4,2.0,2,0,yes,no,no,no,yes,no,unfurnished,Delhi
31744000.0,4459.0,6,4.0,2,1,no,no,no,no,yes,yes,unfurnished,Chennai
23804000.0,,3,2.0,2,1,yes,no,no,no,yes,no,furnished,Pune
14717000.0,2188.0,4,2.0,2,1,yes,no,yes,no,no,no,furnished,Ahmedabad
24576000.0,3236.0,5,3.0,4,0,yes,no,no,no,no,no,semi-furnished,Kolkata
22334000.0,2510.0,2,2.0,1,2,yes,no,yes,no,no,no,furnished,Chennai
33513000.0,2847.0,3,1.0,2,2,yes,no,no,no,no,no,furnished,Delhi
20014000.0,2424.0,2,,1,0,yes,no,yes,no,no,no,semi-furnished,Pune
29624000.0,2519.0,3,2.0,3,2,yes,no,no,yes,no,no,furnished,Delhi
51589000.0,3337.0,4,4.0,1,0,yes,no,no,no,no,no,furnished,Mumbai
25986000.0,3298.0,5,4.0,1,2,no,yes,no,yes,no,yes,,Pune
34651000.0,4765.0,6,4.0,1,0,yes,yes,no,yes,yes,no,furnished,Chennai
17740000.0,1839.0,2,2.0,1,0,yes,no,no,no,no,yes,unfurnished,Chennai
17592000.0,2870.0,3,1.0,1,1,no,yes,yes,no,no,no,unfurnished,Ahmedabad
33165000.0,,4,3.0,2,0,yes,no,no,no,yes,no,unfurnished,Delhi
33381000.0,1820.0,2,2.0,2,1,yes,yes,yes,no,yes,no,furnished,Mumbai
23995000.0,2391.0,4,2.0,3,0,yes,yes,no,no,yes,no,semi-furnished,Bangalore
43658000.0,,2,1.0,2,2,no,no,no,no,no,yes,furnished,Mumbai
67966000.0,3837.0,5,4.0,2,0,yes,no,yes,no,no,yes,unfurnished,Mumbai
19032000.0,2734.0,4,3.0,1,0,yes,no,no,yes,no,no,furnished,Chennai
40433000.0,3957.0,5,4.0,1,0,yes,no,no,no,no,no,furnished,Bangalore
20851000.0,3049.0,3,2.0,2,0,yes,no,no,no,no,no,unfurnished,Chennai
52834000.0,3537.0,4,2.0,2,0,no,no,yes,yes,no,no,unfurnished,Mumbai
31552000.0,2465.0,4,3.0,2,1,yes,no,no,no,no,yes,unfurnished,Mumbai
22986000.0,2639.0,4,3.0,2,0,yes,no,yes,no,no,no,semi-furnished,Hyderabad
16306000.0,2105.0,3,1.0,1,0,no,no,no,no,yes,no,unfurnished,Hyderabad
19756000.0,2298.0,2,1.0,1,0,yes,no,no,yes,no,yes,semi-furnished,Chennai
16424000.0,2398.0,3,2.0,2,1,yes,no,no,no,no,no,semi-furnished,Kolkata
23092000.0,2955.0,5,4.0,1,2,yes,no,no,yes,yes,yes,semi-furnished,Chennai
28286000.0,4700.0,6,5.0,3,0,yes,no,yes,no,no,no,furnished,Kolkata
37169000.0,2056.0,3,2.0,1,2,yes,no,no,no,yes,no,unfurnished,Mumbai
26361000.0,2860.0,5,4.0,1,2,yes,yes,yes,no,no,no,semi-furnished,Bangalore
28148000.0,3444.0,5,4.0,2,1,yes,yes,no,yes,yes,yes,semi-furnished,Chennai
60985000.0,3635.0,4,2.0,3,1,yes,no,no,no,yes,yes,semi-furnished,Mumbai
15127000.0,2488.0,2,2.0,1,1,yes,no,no,no,no,no,semi-furnished,Ahmedabad
33062000.0,2187.0,3,2.0,2,1,yes,no,no,no,no,no,unfurnished,Mumbai
34115000.0,3369.0,4,3.0,2,2,yes,yes,yes,no,yes,yes,semi-furnished,Bangalore
21153000.0,2012.0,3,2.0,1,1,yes,no,no,yes,yes,no,furnished,Bangalore
56526000.0,3669.0,4,3.0,2,0,yes,no,no,no,no,no,unfurnished,Mumbai
23120000.0,3308.0,4,3.0,2,0,yes,no,no,no,no,no,semi-furnished,Kolkata
42626000.0,3379.0,5,3.0,2,1,yes,no,yes,no,no,yes,furnished,Delhi
31150000.0,2963.0,4,2.0,1,1,yes,no,yes,yes,yes,no,furnished,Delhi
43883000.0,2499.0,3,2.0,3,1,yes,no,no,no,yes,yes,unfurnished,Mumbai
47449000.0,2877.0,4,3.0,1,0,yes,yes,yes,no,no,no,unfurnished,Mumbai
32188000.0,1697.0,3,3.0,1,0,yes,yes,yes,no,no,no,unfurnished,Mumbai
11083000.0,1932.0,3,2.0,1,1,yes,yes,no,yes,yes,yes,,Kolkata
46652000.0,2466.0,4,3.0,2,1,yes,no,yes,no,no,no,unfurnished,Mumbai
25274000.0,3956.0,5,3.0,1,1,yes,no,yes,no,no,no,unfurnished,Kolkata
20972000.0,1675.0,3,2.0,1,0,yes,no,no,no,yes,no,unfurnished,Delhi
19687000.0,2053.0,3,,1,2,yes,no,yes,no,yes,no,furnished,Pune
11300000.0,1650.0,1,1.0,1,1,yes,no,no,no,no,no,semi-furnished,Pune
10464000.0,1145.0,1,1.0,1,0,yes,no,yes,no,no,no,semi-furnished,Pune
28878000.0,4997.0,6,4.0,1,2,yes,no,yes,no,yes,yes,furnished,Ahmedabad
19320000.0,2669.0,3,2.0,2,2,yes,no,no,yes,no,yes,unfurnished,Kolkata
12894000.0,1742.0,3,2.0,1,0,no,no,no,no,yes,no,semi-furnished,Ahmedabad
46497000.0,4721.0,6,4.0,2,2,yes,no,yes,no,yes,no,semi-furnished,Bangalore
28105000.0,3659.0,4,3.0,1,1,no,no,yes,no,no,no,furnished,Bangalore
50550000.0,2943.0,4,,4,0,yes,no,yes,no,no,no,furnished,Mumbai
53187000.0,3102.0,4,2.0,2,2,yes,no,no,no,yes,no,furnished,Mumbai
21279000.0,2549.0,4,3.0,3,1,yes,no,yes,no,yes,no,furnished,Chennai
16047000.0,2353.0,3,2.0,3,0,yes,no,yes,no,yes,yes,unfurnished,Kolkata
29664000.0,4252.0,6,4.0,3,0,no,no,no,no,yes,no,furnished,Hyderabad
29237000.0,,6,4.0,3,1,yes,no,no,no,no,no,furnished,Bangalore
39791000.0,3406.0,5,3.0,2,0,yes,yes,yes,no,yes,no,unfurnished,Delhi
38865000.0,3559.0,4,3.0,2,0,yes,no,no,no,yes,no,semi-furnished,Delhi
25479000.0,3512.0,4,3.0,1,1,yes,no,yes,no,no,no,furnished,Chennai
25997000.0,3618.0,6,4.0,1,0,yes,yes,no,no,yes,no,semi-furnished,Chennai
17225000.0,2134.0,4,3.0,3,0,yes,no,yes,no,no,no,furnished,Hyderabad
61155000.0,3754.0,6,4.0,2,1,yes,no,no,no,yes,no,,Mumbai
20243000.0,2876.0,4,2.0,2,1,yes,no,yes,no,no,yes,furnished,Ahmedabad
44413000.0,4135.0,5,4.0,3,1,no,yes,no,no,no,yes,semi-furnished,Bangalore
22845000.0,1882.0,3,3.0,1,0,no,no,yes,no,yes,no,semi-furnished,Delhi
27327000.0,2397.0,4,3.0,2,2,yes,no,no,no,yes,yes,semi-furnished,Bangalore
29439000.0,2523.0,3,2.0,1,1,yes,no,no,yes,no,no,unfurnished,Delhi
25819000.0,2130.0,3,2.0,2,1,no,no,yes,no,yes,no,unfurnished,Delhi
15509000.0,2254.0,2,2.0,3,0,yes,no,yes,no,no,yes,unfurnished,Ahmedabad
20383000.0,3006.0,4,2.0,1,1,yes,no,yes,no,yes,no,semi-furnished,Hyderabad
15998000.0,2449.0,3,2.0,1,1,yes,yes,yes,no,no,no,furnished,Hyderabad
15432000.0,1127.0,2,1.0,2,0,yes,yes,no,no,no,no,furnished,Delhi
15510000.0,2156.0,3,3.0,1,1,yes,no,yes,yes,no,yes,unfurnished,Kolkata
19132000.0,3196.0,4,3.0,2,0,yes,no,no,no,yes,yes,unfurnished,Kolkata
40108000.0,3460.0,4,3.0,1,1,yes,yes,no,no,yes,no,unfurnished,Delhi
33810000.0,2731.0,3,2.0,1,1,yes,yes,no,no,yes,no,semi-furnished,Bangalore
20817000.0,3076.0,4,2.0,2,0,no,no,yes,no,no,no,unfurnished,Kolkata
19389000.0,2072.0,1,1.0,3,1,yes,no,yes,no,no,no,unfurnished,Pune
18814000.0,1573.0,1,1.0,1,2,yes,yes,no,no,yes,no,furnished,Delhi
38371000.0,2409.0,4,3.0,1,0,yes,no,no,no,yes,no,furnished,Mumbai
15443000.0,2226.0,2,2.0,3,1,yes,no,no,yes,yes,no,semi-furnished,Ahmedabad
29141000.0,3674.0,5,4.0,1,0,yes,yes,no,no,no,no,unfurnished,Pune
42745000.0,3212.0,4,3.0,2,0,yes,no,yes,no,no,no,semi-furnished,Delhi
46737000.0,3138.0,4,3.0,1,3,yes,no,no,no,yes,no,unfurnished,Mumbai
17585000.0,2974.0,4,3.0,2,0,no,yes,no,no,yes,no,semi-furnished,Kolkata
39404000.0,2690.0,4,3.0,3,0,no,no,no,no,no,no,furnished,Mumbai
27857000.0,3371.0,4,4.0,2,0,yes,no,yes,no,yes,no,furnished,Pune
24761000.0,3901.0,5,4.0,2,1,no,no,no,yes,no,no,unfurnished,Ahmedabad
15397000.0,2212.0,3,2.0,1,2,yes,no,yes,no,no,no,semi-furnished,Ahmedabad
32105000.0,3482.0,4,3.0,3,0,yes,no,no,no,no,no,unfurnished,Bangalore
16109000.0,2016.0,2,2.0,2,2,no,no,no,yes,yes,no,semi-furnished,Hyderabad
25646000.0,1367.0,2,2.0,2,1,yes,no,no,no,yes,no,furnished,Mumbai
26900000.0,3433.0,5,4.0,2,0,no,yes,yes,no,no,no,furnished,Chennai
44351000.0,3428.0,6,5.0,2,1,yes,no,yes,no,yes,no,furnished,Delhi
11291000.0,2047.0,3,2.0,1,0,yes,no,no,no,no,no,semi-furnished,Ahmedabad
29780000.0,2706.0,2,2.0,3,2,yes,yes,no,no,no,no,unfurnished,Bangalore
27639000.0,3210.0,6,4.0,2,1,yes,yes,yes,no,no,yes,semi-furnished,Bangalore
24199000.0,2611.0,3,2.0,2,1,yes,no,no,yes,yes,no,furnished,Pune
21375000.0,1908.0,2,1.0,1,0,yes,yes,yes,yes,no,no,furnished,Bangalore
34667000.0,3765.0,4,3.0,2,1,yes,yes,no,no,no,no,furnished,Bangalore
45063000.0,2539.0,3,3.0,1,0,yes,no,yes,yes,no,no,semi-furnished,Mumbai
41620000.0,4871.0,6,4.0,2,2,yes,no,yes,no,no,no,unfurnished,Pune
39970000.0,,6,4.0,2,0,yes,no,no,no,no,no,semi-furnished,Pune
51987000.0,2608.0,3,2.0,1,1,no,no,no,no,yes,yes,unfurnished,Mumbai
30551000.0,3355.0,4,3.0,2,0,yes,no,no,no,no,no,furnished,Bangalore
70001000.0,4245.0,5,4.0,2,2,yes,yes,yes,no,yes,no,furnished,Mumbai
25477000.0,1921.0,3,2.0,1,1,yes,no,no,no,yes,no,semi-furnished,Mumbai
27713000.0,2603.0,3,2.0,2,2,yes,no,yes,no,yes,no,semi-furnished,Bangalore
29488000.0,3627.0,5,4.0,2,2,yes,yes,no,no,yes,no,unfurnished,Chennai
14102000.0,1329.0,3,2.0,2,0,no,no,no,no,no,no,semi-furnished,Bangalore
24005000.0,4015.0,6,3.0,1,2,no,no,yes,no,yes,yes,unfurnished,Ahmedabad
13720000.0,1955.0,2,1.0,1,1,yes,no,no,no,no,no,furnished,Ahmedabad
25996000.0,4235.0,4,2.0,2,1,yes,yes,yes,no,no,yes,semi-furnished,Kolkata
34084000.0,2942.0,3,2.0,1,2,yes,no,no,yes,no,no,semi-furnished,Delhi
23895000.0,2891.0,4,3.0,3,2,yes,no,no,no,yes,no,furnished,Pune
16318000.0,2365.0,3,2.0,3,2,yes,no,no,yes,no,no,furnished,Kolkata
25085000.0,3734.0,5,4.0,2,1,yes,no,yes,no,yes,no,unfurnished,Ahmedabad
52533000.0,3458.0,5,4.0,1,1,yes,no,yes,no,no,yes,semi-furnished,Mumbai
34035000.0,3276.0,5,4.0,2,2,yes,no,yes,no,no,yes,unfurnished,Bangalore
12843000.0,1764.0,1,1.0,1,0,yes,yes,no,no,no,no,semi-furnished,Hyderabad
46702000.0,2845.0,5,3.0,2,0,yes,yes,no,no,no,yes,unfurnished,Mumbai
13858000.0,2484.0,3,3.0,3,0,yes,no,yes,no,no,yes,semi-furnished,Ahmedabad
16054000.0,1939.0,2,1.0,1,2,no,yes,yes,no,yes,no,furnished,Pune
16819000.0,,2,2.0,1,2,yes,no,no,no,yes,no,furnished,Hyderabad
14556000.0,2062.0,3,2.0,2,2,yes,no,no,yes,yes,no,unfurnished,Ahmedabad
24251000.0,2687.0,3,1.0,1,0,yes,no,no,no,no,no,unfurnished,Chennai
30642000.0,3022.0,3,2.0,3,1,no,yes,yes,no,no,yes,unfurnished,Bangalore
13815000.0,1960.0,3,3.0,2,1,yes,no,yes,no,yes,no,furnished,Kolkata
25329000.0,2804.0,3,2.0,2,2,yes,no,no,no,no,no,unfurnished,Bangalore
19771000.0,2459.0,3,2.0,3,1,yes,yes,no,no,no,no,furnished,Hyderabad
37087000.0,,3,3.0,3,2,no,yes,no,no,no,no,semi-furnished,Mumbai
26991000.0,2916.0,4,3.0,2,2,yes,no,no,yes,no,no,semi-furnished,Pune
16095000.0,1673.0,2,1.0,3,2,yes,no,no,no,no,no,semi-furnished,Pune
20982000.0,3329.0,3,2.0,3,3,yes,yes,yes,no,no,no,furnished,Kolkata
37564000.0,4591.0,5,4.0,1,2,yes,no,no,yes,yes,no,semi-furnished,Chennai
26391000.0,2981.0,5,4.0,3,2,yes,no,yes,no,no,no,semi-furnished,Delhi
13412000.0,1089.0,1,1.0,2,1,yes,yes,yes,no,yes,no,unfurnished,Bangalore
26307000.0,2415.0,4,3.0,1,0,yes,yes,no,no,no,no,semi-furnished,Delhi
12764000.0,1588.0,3,2.0,4,0,yes,no,yes,no,yes,no,furnished,Hyderabad
24945000.0,2761.0,3,2.0,2,2,yes,no,no,yes,no,no,semi-furnished,Bangalore
14551000.0,2885.0,4,3.0,1,1,yes,no,no,no,no,no,unfurnished,Kolkata
28690000.0,4940.0,6,4.0,2,1,yes,yes,no,no,no,no,furnished,Kolkata
41621000.0,5280.0,6,4.0,2,1,yes,no,yes,no,no,no,furnished,Bangalore
46080000.0,6284.0,6,5.0,1,2,yes,yes,no,no,no,no,unfurnished,Chennai
28087000.0,2576.0,3,2.0,2,1,yes,no,yes,no,no,yes,semi-furnished,Delhi
32209000.0,4278.0,6,4.0,2,2,yes,no,no,no,yes,no,semi-furnished,Bangalore
38181000.0,3492.0,4,3.0,2,0,yes,no,no,yes,no,no,unfurnished,Delhi
23934000.0,2607.0,3,2.0,2,0,yes,yes,yes,yes,no,no,semi-furnished,Pune
10490000.0,1363.0,3,3.0,1,1,yes,no,yes,no,no,no,furnished,Ahmedabad
10852000.0,1346.0,2,1.0,1,1,yes,no,no,yes,no,no,unfurnished,Pune
34151000.0,2637.0,3,2.0,3,0,yes,no,no,no,no,yes,semi-furnished,Delhi
26372000.0,2401.0,3,2.0,1,0,yes,no,no,no,yes,no,semi-furnished,Bangalore
25180000.0,2881.0,3,3.0,2,0,no,no,no,no,yes,no,furnished,Pune
40425000.0,3231.0,4,3.0,2,0,yes,yes,no,no,no,no,semi-furnished,Delhi
10779000.0,1183.0,1,1.0,2,1,no,no,yes,yes,no,no,semi-furnished,Hyderabad
62463000.0,3798.0,5,4.0,2,1,yes,no,no,no,no,no,furnished,Mumbai
23492000.0,2627.0,5,3.0,1,2,yes,yes,no,no,yes,no,unfurnished,Pune
44241000.0,3903.0,6,4.0,2,1,yes,yes,yes,yes,yes,no,unfurnished,Bangalore
11395000.0,1552.0,3,1.0,2,0,yes,yes,yes,no,no,no,semi-furnished,Kolkata
13857000.0,1489.0,2,1.0,3,0,yes,no,yes,no,yes,no,furnished,Kolkata
17048000.0,896.0,1,1.0,2,0,yes,no,no,no,yes,yes,furnished,Mumbai
23222000.0,2360.0,4,3.0,1,0,yes,no,no,no,no,yes,furnished,Pune
13986000.0,2334.0,3,2.0,3,1,yes,no,no,no,no,no,semi-furnished,Ahmedabad
37400000.0,4347.0,6,5.0,2,0,yes,yes,no,no,yes,no,furnished,Bangalore
19134000.0,3226.0,4,2.0,2,2,yes,no,no,no,yes,no,unfurnished,Ahmedabad
30817000.0,3150.0,4,2.0,1,1,yes,no,no,yes,no,no,semi-furnished,Bangalore
15753000.0,2144.0,3,2.0,3,1,no,no,yes,no,no,no,semi-furnished,Ahmedabad
21963000.0,2776.0,4,2.0,1,0,yes,yes,yes,no,yes,yes,semi-furnished,Hyderabad
37574000.0,2083.0,3,2.0,1,0,yes,yes,no,no,no,no,semi-furnished,Mumbai
81020000.0,4789.0,6,4.0,2,1,yes,yes,yes,no,yes,no,unfurnished,Mumbai
16452000.0,,2,1.0,2,0,yes,no,no,yes,no,no,furnished,Delhi
56811000.0,3605.0,4,3.0,3,1,yes,no,yes,no,no,no,semi-furnished,Mumbai
24182000.0,2921.0,5,4.0,3,2,yes,no,no,yes,no,no,semi-furnished,Pune
32857000.0,5570.0,6,4.0,2,1,yes,yes,yes,no,no,yes,unfurnished,Ahmedabad
64685000.0,6675.0,6,3.0,3,1,yes,yes,no,no,no,no,semi-furnished,Bangalore
48996000.0,3058.0,5,4.0,3,0,no,no,no,no,yes,no,unfurnished,Mumbai
31003000.0,2768.0,3,3.0,2,0,yes,yes,no,yes,yes,no,semi-furnished,Delhi
15451000.0,2035.0,2,1.0,3,2,yes,yes,yes,no,no,no,semi-furnished,Chennai
15946000.0,1155.0,2,2.0,1,1,yes,yes,no,no,no,yes,semi-furnished,Bangalore
55317000.0,3154.0,4,3.0,1,0,yes,yes,yes,no,yes,no,semi-furnished,Mumbai
47216000.0,2541.0,3,2.0,2,1,yes,no,no,no,no,no,unfurnished,Mumbai
40014000.0,4787.0,6,5.0,1,1,yes,yes,no,no,no,no,unfurnished,Bangalore
25037000.0,1951.0,3,2.0,3,0,no,no,yes,no,yes,no,unfurnished,Delhi
9099000.0,,1,1.0,3,1,yes,no,no,no,no,yes,unfurnished,Hyderabad
21475000.0,2967.0,4,3.0,2,1,no,no,no,no,no,yes,semi-furnished,Hyderabad
24351000.0,2615.0,4,3.0,4,0,yes,no,yes,yes,no,no,unfurnished,Chennai
33447000.0,3538.0,5,2.0,2,0,yes,no,no,no,yes,no,semi-furnished,Bangalore
8334000.0,1195.0,2,2.0,1,1,yes,no,no,no,no,no,semi-furnished,Kolkata
24944000.0,4113.0,5,4.0,3,2,yes,no,no,no,no,no,unfurnished,Ahmedabad
17115000.0,2524.0,4,3.0,1,2,yes,yes,yes,no,yes,no,furnished,Pune
47556000.0,2640.0,4,2.0,2,0,yes,no,no,no,no,yes,furnished,Mumbai
22204000.0,2958.0,4,2.0,3,1,yes,yes,no,no,yes,no,semi-furnished,Hyderabad
17798000.0,1702.0,2,1.0,1,1,yes,no,no,no,no,yes,semi-furnished,Bangalore
40202000.0,2495.0,3,1.0,2,0,yes,no,yes,yes,no,yes,furnished,Mumbai
25508000.0,2458.0,3,2.0,1,1,yes,yes,no,no,no,no,unfurnished,Delhi
31814000.0,1986.0,4,2.0,3,2,yes,no,no,no,no,no,semi-furnished,Mumbai
32490000.0,2031.0,4,,2,0,yes,yes,no,yes,yes,yes,unfurnished,Mumbai
46341000.0,4304.0,5,4.0,1,0,no,no,no,no,yes,yes,semi-furnished,Delhi
21200000.0,4043.0,6,,1,2,yes,yes,no,no,yes,yes,semi-furnished,Ahmedabad
37394000.0,1747.0,3,2.0,2,1,yes,yes,yes,no,no,no,furnished,Mumbai
19852000.0,2839.0,4,3.0,2,1,yes,yes,no,no,no,no,semi-furnished,Ahmedabad
33159000.0,3184.0,4,3.0,1,0,yes,no,no,no,yes,no,furnished,Delhi
12786000.0,1997.0,2,1.0,2,1,yes,no,yes,no,no,no,semi-furnished,Ahmedabad
56837000.0,4238.0,6,4.0,1,0,yes,no,no,no,no,no,semi-furnished,Delhi
20273000.0,3144.0,5,3.0,2,3,no,no,yes,no,yes,no,unfurnished,Ahmedabad
24990000.0,3287.0,4,3.0,1,2,no,no,no,no,no,no,semi-furnished,Pune
12064000.0,2104.0,4,2.0,2,3,yes,no,no,yes,no,no,unfurnished,Ahmedabad
15162000.0,1563.0,2,2.0,1,1,yes,no,yes,no,yes,no,furnished,Hyderabad
24181000.0,3247.0,4,3.0,2,0,yes,yes,no,no,no,no,semi-furnished,Hyderabad
19133000.0,3047.0,4,3.0,1,1,yes,no,no,no,yes,no,unfurnished,Ahmedabad
45208000.0,2338.0,4,2.0,3,0,yes,no,yes,no,no,no,semi-furnished,Mumbai
31303000.0,4407.0,6,3.0,3,2,yes,no,no,yes,no,yes,semi-furnished,Kolkata
18527000.0,,4,3.0,2,1,yes,no,yes,no,yes,no,furnished,Chennai
17684000.0,2066.0,3,3.0,2,1,no,no,no,no,no,no,semi-furnished,Chennai
20256000.0,2514.0,4,3.0,2,2,yes,yes,yes,no,yes,no,unfurnished,Hyderabad
34370000.0,3073.0,4,3.0,2,1,yes,no,yes,no,no,yes,unfurnished,Bangalore
12691000.0,1936.0,2,1.0,2,0,yes,no,no,no,no,no,semi-furnished,Ahmedabad
27813000.0,1616.0,3,2.0,1,2,no,no,no,no,no,no,furnished,Mumbai
38305000.0,4544.0,6,4.0,1,1,yes,no,no,yes,no,no,furnished,Chennai
47983000.0,2913.0,4,3.0,1,0,yes,no,no,no,yes,no,unfurnished,Mumbai
25220000.0,3120.0,4,3.0,3,1,yes,no,no,no,no,no,semi-furnished,Chennai
14057000.0,2213.0,3,2.0,1,1,yes,no,no,no,no,no,semi-furnished,Ahmedabad
31349000.0,2728.0,3,1.0,3,0,no,no,no,no,yes,no,furnished,Delhi
16449000.0,2334.0,4,3.0,2,1,yes,no,no,no,no,no,furnished,Pune
38585000.0,3120.0,5,3.0,1,1,no,no,no,no,no,no,semi-furnished,Delhi
37321000.0,1945.0,4,3.0,1,1,yes,no,no,no,no,no,unfurnished,Mumbai
32847000.0,3523.0,4,3.0,3,1,yes,no,no,no,yes,no,semi-furnished,Bangalore
22919000.0,,4,3.0,1,0,yes,yes,yes,no,no,no,unfurnished,Kolkata
28000000.0,3772.0,5,3.0,1,1,yes,no,no,no,yes,yes,furnished,Pune
12471000.0,2036.0,3,2.0,1,1,yes,no,yes,no,no,no,unfurnished,Kolkata
24389000.0,3490.0,4,3.0,2,0,yes,no,no,yes,yes,no,semi-furnished,Hyderabad
17190000.0,2111.0,2,1.0,1,2,yes,no,no,no,no,no,semi-furnished,Hyderabad
22344000.0,2155.0,3,2.0,3,1,no,yes,yes,yes,no,no,unfurnished,Bangalore
29616000.0,3787.0,5,4.0,2,1,yes,yes,no,yes,no,no,semi-furnished,Pune
17812000.0,2668.0,2,1.0,3,1,yes,no,no,no,no,yes,semi-furnished,Kolkata
20778000.0,2843.0,5,3.0,2,1,yes,no,yes,no,no,no,semi-furnished,Kolkata
60862000.0,3600.0,5,3.0,1,0,no,no,yes,no,no,no,semi-furnished,Mumbai
15963000.0,2012.0,3,2.0,3,0,yes,yes,no,no,no,yes,semi-furnished,Kolkata
17590000.0,1729.0,3,2.0,2,2,yes,no,no,no,no,yes,semi-furnished,Delhi
48548000.0,2976.0,3,3.0,1,2,yes,yes,no,no,no,yes,furnished,Mumbai
26512000.0,1926.0,2,2.0,2,1,no,yes,no,no,yes,no,furnished,Delhi
86917000.0,4925.0,6,5.0,3,1,no,no,no,no,yes,no,furnished,Mumbai
31531000.0,3994.0,5,3.0,3,1,yes,no,no,no,yes,no,semi-furnished,Chennai
22680000.0,3377.0,3,1.0,1,2,yes,no,no,yes,yes,no,semi-furnished,Chennai
25827000.0,1986.0,2,2.0,2,0,yes,no,yes,no,yes,no,unfurnished,Delhi
18780000.0,2967.0,4,4.0,2,1,yes,no,yes,no,yes,yes,unfurnished,Ahmedabad
12832000.0,1328.0,3,3.0,1,0,yes,no,yes,no,yes,no,unfurnished,Pune
15493000.0,2281.0,2,2.0,2,0,yes,no,yes,yes,no,no,unfurnished,Kolkata
36624000.0,3074.0,4,4.0,3,1,no,no,no,no,yes,no,unfurnished,Delhi
28108000.0,4267.0,6,5.0,2,2,no,no,yes,no,no,yes,unfurnished,Hyderabad
53640000.0,6092.0,6,5.0,3,0,yes,no,no,no,no,no,unfurnished,Hyderabad
18458000.0,2263.0,3,2.0,3,2,yes,no,no,no,no,no,furnished,Chennai
23133000.0,2265.0,3,3.0,2,1,yes,no,no,no,no,no,semi-furnished,Bangalore
23964000.0,3407.0,5,3.0,3,1,yes,no,no,no,no,no,furnished,Kolkata
18372000.0,3378.0,5,4.0,2,1,yes,no,no,no,no,no,furnished,Ahmedabad
33363000.0,4879.0,6,4.0,2,1,yes,no,no,no,no,no,semi-furnished,Kolkata
28814000.0,2702.0,4,3.0,2,0,yes,no,no,yes,no,no,semi-furnished,Bangalore
32236000.0,2785.0,4,2.0,2,1,yes,no,no,no,yes,no,unfurnished,Bangalore
51404000.0,4287.0,6,4.0,3,2,yes,no,no,no,yes,no,unfurnished,Bangalore
26733000.0,3283.0,4,3.0,3,1,yes,yes,no,no,yes,no,semi-furnished,Chennai
28483000.0,4287.0,5,,1,0,yes,no,no,no,yes,no,semi-furnished,Hyderabad
26282000.0,2367.0,2,2.0,3,0,yes,no,no,no,no,no,furnished,Bangalore
19599000.0,2999.0,4,3.0,2,2,yes,no,yes,no,yes,no,furnished,Kolkata
20327000.0,2732.0,3,3.0,3,0,yes,no,yes,yes,yes,no,unfurnished,Kolkata
27386000.0,3490.0,3,1.0,1,1,yes,no,no,no,no,no,unfurnished,Pune
37015000.0,4853.0,6,4.0,1,1,yes,no,no,no,no,no,furnished,Kolkata
38072000.0,2091.0,2,1.0,2,0,no,yes,yes,no,no,no,unfurnished,Mumbai
24515000.0,1876.0,3,3.0,3,1,yes,no,no,no,yes,yes,furnished,Delhi
36698000.0,3073.0,4,2.0,3,1,yes,no,yes,no,yes,no,furnished,Bangalore
55556000.0,3295.0,4,3.0,1,0,yes,no,no,no,no,no,semi-furnished,Mumbai
17970000.0,2410.0,3,2.0,2,0,yes,yes,no,no,no,no,unfurnished,Pune
18563000.0,2508.0,3,2.0,1,0,yes,yes,yes,no,no,no,unfurnished,Hyderabad
27698000.0,3357.0,5,4.0,2,3,no,no,yes,no,yes,yes,unfurnished,Hyderabad
20392000.0,2244.0,2,1.0,2,2,no,yes,yes,no,yes,no,unfurnished,Bangalore
43678000.0,3998.0,5,3.0,2,1,yes,yes,yes,no,no,no,furnished,Bangalore
13618000.0,1304.0,2,1.0,2,1,yes,no,yes,no,no,no,unfurnished,Delhi
39009000.0,4080.0,6,4.0,2,0,no,no,no,no,no,no,unfurnished,Bangalore
15551000.0,2155.0,3,3.0,3,0,yes,yes,yes,no,yes,yes,semi-furnished,Kolkata
73005000.0,5679.0,6,4.0,3,0,yes,no,no,yes,yes,no,semi-furnished,Bangalore
26718000.0,,4,2.0,1,2,yes,no,yes,no,no,yes,semi-furnished,Bangalore
18906000.0,2645.0,2,1.0,1,1,yes,no,no,no,yes,no,unfurnished,Hyderabad
38559000.0,3022.0,4,2.0,4,0,yes,no,no,yes,no,yes,furnished,Delhi
14294000.0,2376.0,3,2.0,3,0,yes,no,no,no,no,no,furnished,Kolkata
52504000.0,3086.0,3,2.0,2,2,yes,no,no,no,no,no,semi-furnished,Mumbai
59967000.0,3373.0,5,3.0,1,2,no,yes,yes,no,no,no,semi-furnished,Mumbai
53843000.0,2804.0,3,3.0,3,1,yes,yes,no,no,yes,no,furnished,Mumbai
21654000.0,2472.0,4,3.0,2,2,yes,no,yes,no,yes,yes,furnished,Chennai
16127000.0,2028.0,3,1.0,2,0,yes,yes,no,no,no,yes,unfurnished,Chennai
22327000.0,2926.0,4,4.0,2,0,no,no,no,yes,no,yes,furnished,Pune
34810000.0,1948.0,3,1.0,1,0,yes,no,no,no,yes,yes,unfurnished,Mumbai
64666000.0,4332.0,6,5.0,2,3,yes,no,no,no,no,yes,unfurnished,Mumbai
25734000.0,1807.0,3,3.0,2,1,yes,no,yes,no,yes,no,furnished,Mumbai
25452000.0,3099.0,4,2.0,2,2,yes,no,no,yes,no,no,furnished,Pune
26713000.0,2538.0,3,3.0,2,2,yes,no,no,no,no,yes,semi-furnished,Bangalore
16318000.0,1692.0,1,1.0,2,1,yes,no,yes,no,no,no,furnished,Bangalore
10500000.0,1330.0,3,2.0,2,0,yes,no,yes,no,no,no,unfurnished,Kolkata
13251000.0,1591.0,2,2.0,2,0,yes,no,yes,yes,no,no,unfurnished,Pune
37022000.0,3925.0,5,3.0,1,0,no,no,no,no,no,no,semi-furnished,Delhi
42427000.0,3738.0,5,4.0,2,1,yes,no,no,no,no,no,furnished,Delhi
21363000.0,3808.0,5,3.0,3,0,yes,no,no,no,no,no,semi-furnished,Hyderabad
44496000.0,2614.0,4,2.0,2,1,yes,no,no,no,no,no,semi-furnished,Mumbai
28089000.0,3376.0,4,3.0,2,0,no,yes,yes,no,no,no,semi-furnished,Chennai
18414000.0,2554.0,4,3.0,2,1,yes,no,no,no,no,yes,semi-furnished,Ahmedabad
15443000.0,2030.0,3,2.0,1,2,yes,no,yes,no,no,no,furnished,Kolkata
11508000.0,1771.0,3,,2,3,yes,no,no,no,no,yes,furnished,Ahmedabad
31439000.0,1959.0,3,2.0,3,0,yes,no,yes,no,yes,no,furnished,Mumbai
25400000.0,3153.0,5,3.0,3,1,yes,no,no,no,no,no,unfurnished,Hyderabad
19219000.0,2308.0,3,3.0,3,1,yes,yes,yes,no,yes,yes,furnished,Ahmedabad
28024000.0,3838.0,6,3.0,2,1,yes,yes,yes,no,yes,no,semi-furnished,Hyderabad
40849000.0,5574.0,6,4.0,1,1,yes,no,no,no,yes,no,unfurnished,Kolkata
22707000.0,3008.0,4,3.0,1,0,yes,yes,no,no,yes,no,furnished,Hyderabad
18484000.0,3009.0,4,3.0,3,2,yes,no,yes,no,no,yes,furnished,Ahmedabad
21212000.0,1721.0,2,3.0,2,1,yes,yes,no,yes,yes,yes,semi-furnished,Bangalore
40474000.0,,4,2.0,3,1,yes,no,no,no,no,no,semi-furnished,Mumbai
40428000.0,4968.0,6,5.0,2,1,yes,no,yes,no,no,no,unfurnished,Hyderabad
49507000.0,2708.0,4,3.0,1,1,yes,yes,yes,no,no,no,semi-furnished,Mumbai
20581000.0,2641.0,3,2.0,1,1,yes,no,no,yes,yes,no,furnished,Chennai
27664000.0,2116.0,2,1.0,2,1,yes,yes,no,no,no,yes,furnished,Delhi
33987000.0,2738.0,3,2.0,2,1,yes,no,yes,no,yes,no,furnished,Delhi
21504000.0,2697.0,4,3.0,2,1,yes,no,no,no,no,no,unfurnished,Kolkata
27104000.0,2681.0,4,3.0,1,3,yes,no,yes,no,no,yes,semi-furnished,Chennai
49444000.0,3131.0,4,3.0,3,2,yes,yes,yes,no,no,no,furnished,Mumbai
9367000.0,1424.0,3,2.0,1,2,no,no,yes,yes,no,no,unfurnished,Ahmedabad
26370000.0,3344.0,4,3.0,2,0,yes,yes,no,no,yes,yes,furnished,Pune
39909000.0,2046.0,2,2.0,1,2,yes,no,no,no,no,no,semi-furnished,Mumbai
29383000.0,2832.0,3,1.0,2,0,yes,no,no,no,no,no,semi-furnished,Pune
35922000.0,2176.0,3,1.0,1,3,yes,no,no,no,no,no,unfurnished,Mumbai
44304000.0,2459.0,3,2.0,2,3,yes,no,no,no,no,no,semi-furnished,Mumbai
31668000.0,2806.0,4,2.0,1,1,yes,yes,no,no,yes,no,unfurnished,Delhi
17850000.0,2343.0,3,2.0,3,0,yes,no,no,no,yes,no,furnished,Ahmedabad
20022000.0,3105.0,4,3.0,2,1,yes,no,yes,no,yes,no,unfurnished,Hyderabad
10124000.0,1733.0,2,2.0,2,0,yes,no,yes,no,yes,no,semi-furnished,Ahmedabad
14164000.0,1985.0,2,2.0,1,2,no,yes,no,no,no,no,semi-furnished,Chennai
18873000.0,2770.0,3,1.0,3,1,yes,yes,no,no,no,no,semi-furnished,Kolkata
23482000.0,2753.0,4,3.0,1,0,yes,no,no,no,yes,yes,unfurnished,Chennai
25014000.0,3351.0,3,2.0,2,1,yes,no,no,yes,no,no,furnished,Hyderabad
53806000.0,2981.0,4,2.0,2,2,yes,yes,no,no,yes,no,unfurnished,Mumbai
38352000.0,4514.0,5,3.0,2,0,no,no,no,no,no,no,unfurnished,Bangalore
13811000.0,2247.0,3,2.0,1,0,yes,no,no,no,no,yes,semi-furnished,Kolkata
68554000.0,4386.0,6,4.0,3,0,yes,yes,no,yes,yes,no,semi-furnished,Mumbai
41561000.0,3672.0,6,4.0,2,3,yes,no,yes,no,no,no,semi-furnished,Bangalore
30809000.0,4235.0,6,5.0,1,1,yes,yes,no,no,yes,no,semi-furnished,Pune
24972000.0,2055.0,3,3.0,1,1,yes,no,yes,no,no,no,unfurnished,Delhi
31879000.0,1881.0,2,1.0,2,1,yes,no,no,no,yes,no,semi-furnished,Mumbai
28980000.0,2570.0,3,2.0,2,0,no,no,no,no,no,no,semi-furnished,Bangalore
17354000.0,2359.0,3,3.0,1,1,yes,no,no,yes,no,yes,semi-furnished,Chennai
23314000.0,2466.0,3,3.0,1,2,no,no,yes,no,no,no,furnished,Pune
19722000.0,3205.0,4,3.0,1,1,yes,no,no,yes,yes,no,semi-furnished,Kolkata
21340000.0,2761.0,3,3.0,2,2,no,no,no,no,no,no,unfurnished,Hyderabad
23264000.0,2379.0,3,2.0,2,1,yes,no,yes,no,no,yes,unfurnished,Bangalore
32320000.0,2864.0,4,3.0,1,0,yes,no,no,no,yes,no,furnished,Bangalore
17875000.0,2546.0,4,3.0,2,0,no,no,yes,no,no,no,furnished,Hyderabad
29558000.0,3795.0,5,4.0,1,1,yes,no,yes,yes,no,no,furnished,Chennai
56329000.0,3456.0,4,4.0,1,0,yes,yes,yes,no,yes,yes,semi-furnished,Mumbai
30646000.0,1798.0,2,2.0,3,2,yes,no,no,no,yes,no,furnished,Mumbai
35051000.0,1775.0,3,2.0,3,1,yes,yes,no,no,yes,yes,unfurnished,Mumbai
22374000.0,2206.0,3,2.0,2,2,yes,no,no,no,no,yes,unfurnished,Bangalore
29764000.0,3482.0,5,3.0,1,1,yes,no,no,yes,no,no,unfurnished,Pune
19724000.0,2813.0,3,2.0,2,1,no,no,no,no,yes,no,semi-furnished,Hyderabad
15931000.0,1887.0,2,1.0,1,2,yes,no,no,no,no,no,semi-furnished,Chennai
19527000.0,2794.0,4,3.0,1,1,yes,no,no,no,yes,no,semi-furnished,Ahmedabad
20055000.0,3224.0,4,2.0,1,0,yes,no,no,no,no,yes,unfurnished,Ahmedabad
19688000.0,2422.0,4,4.0,3,1,yes,no,no,no,no,no,furnished,Chennai
34372000.0,2655.0,5,3.0,2,1,yes,yes,no,no,yes,yes,semi-furnished,Delhi
21788000.0,3274.0,5,4.0,2,2,yes,yes,no,yes,no,no,semi-furnished,Ahmedabad
15379000.0,1110.0,2,1.0,3,1,yes,no,yes,yes,no,no,furnished,Mumbai
23930000.0,1975.0,3,3.0,2,2,yes,no,no,no,yes,yes,semi-furnished,Bangalore
9719000.0,1463.0,1,1.0,3,2,yes,yes,no,no,no,yes,semi-furnished,Ahmedabad
18714000.0,2916.0,4,3.0,1,1,yes,yes,no,no,yes,yes,semi-furnished,Ahmedabad
23533000.0,2800.0,3,2.0,1,0,yes,no,yes,no,no,no,semi-furnished,Pune
14408000.0,2524.0,3,1.0,1,1,yes,yes,no,no,no,no,furnished,Ahmedabad
52139000.0,3056.0,4,3.0,3,0,yes,no,no,no,no,yes,unfurnished,Mumbai
17551000.0,2709.0,3,3.0,1,2,yes,no,yes,no,no,no,semi-furnished,Ahmedabad
18091000.0,2176.0,3,2.0,2,0,yes,no,no,no,no,yes,furnished,Chennai
23702000.0,2906.0,4,3.0,1,3,yes,no,yes,no,yes,no,semi-furnished,Chennai
32825000.0,3053.0,5,3.0,1,1,yes,yes,no,yes,yes,yes,unfurnished,Bangalore
47182000.0,2381.0,4,2.0,2,1,no,yes,no,no,yes,no,semi-furnished,Mumbai
41234000.0,3674.0,5,3.0,1,2,yes,yes,no,no,yes,yes,furnished,Delhi
16735000.0,1700.0,3,2.0,2,2,yes,yes,no,no,yes,no,unfurnished,Pune
20022000.0,2665.0,4,3.0,1,0,yes,no,no,no,yes,no,semi-furnished,Kolkata
12295000.0,1381.0,1,1.0,2,1,yes,no,yes,no,no,no,unfurnished,Pune
23985000.0,3568.0,4,,2,1,yes,no,no,no,no,no,unfurnished,Hyderabad
18857000.0,2161.0,3,2.0,2,1,yes,yes,yes,yes,yes,yes,unfurnished,Chennai
31217000.0,2774.0,5,3.0,2,1,no,yes,no,no,no,no,furnished,Delhi
42769000.0,5869.0,6,4.0,3,1,yes,yes,no,no,yes,yes,semi-furnished,Hyderabad
19978000.0,,4,3.0,2,2,yes,no,no,no,no,no,furnished,Hyderabad
18983000.0,2446.0,3,2.0,2,1,yes,no,yes,no,yes,no,furnished,Kolkata
29368000.0,4307.0,6,3.0,2,1,yes,yes,no,no,yes,no,furnished,Kolkata
24629000.0,2343.0,2,1.0,4,0,yes,no,no,no,no,yes,furnished,Bangalore
18909000.0,,3,2.0,1,1,yes,no,yes,no,no,no,semi-furnished,Pune
13004000.0,1957.0,3,2.0,3,2,yes,no,yes,no,no,no,furnished,Ahmedabad
14728000.0,1772.0,2,1.0,2,2,yes,no,no,no,no,no,furnished,Kolkata
28168000.0,1789.0,2,2.0,1,1,yes,no,no,no,no,no,furnished,Mumbai
20443000.0,2067.0,3,2.0,1,2,yes,yes,yes,no,yes,no,furnished,Chennai
34340000.0,1653.0,3,2.0,2,0,yes,yes,yes,no,no,no,semi-furnished,Mumbai
31054000.0,4086.0,6,4.0,3,2,yes,no,no,no,yes,no,furnished,Pune
37337000.0,4855.0,6,4.0,1,1,yes,no,no,no,no,yes,semi-furnished,Pune
22962000.0,3885.0,5,4.0,3,0,no,yes,no,yes,no,no,,Kolkata
24562000.0,3136.0,3,2.0,1,2,yes,no,no,no,no,yes,unfurnished,Chennai
14772000.0,1444.0,2,2.0,1,2,yes,yes,no,no,yes,yes,furnished,Bangalore
30275000.0,3697.0,6,4.0,1,1,no,yes,no,no,no,yes,furnished,Pune
27433000.0,2396.0,4,3.0,1,1,yes,no,yes,no,yes,no,semi-furnished,Delhi
27351000.0,3354.0,4,3.0,2,0,yes,no,no,no,yes,no,unfurnished,Hyderabad
55819000.0,4512.0,6,5.0,2,1,yes,yes,yes,no,no,no,furnished,Delhi
87334000.0,4983.0,6,5.0,4,2,yes,no,yes,no,no,no,semi-furnished,Mumbai
18087000.0,2662.0,4,3.0,2,0,yes,no,no,no,yes,yes,furnished,Ahmedabad
32927000.0,3077.0,4,3.0,2,1,yes,yes,yes,no,yes,yes,semi-furnished,Delhi
20185000.0,2153.0,3,2.0,2,0,no,no,no,no,yes,yes,unfurnished,Chennai
30539000.0,3036.0,4,2.0,2,2,yes,no,no,no,no,no,furnished,Bangalore
17115000.0,2524.0,4,3.0,1,2,yes,yes,yes,no,yes,no,furnished,Pune
19328000.0,,2,1.0,1,1,yes,no,no,no,no,no,semi-furnished,Bangalore
14734000.0,1719.0,3,3.0,2,2,no,no,no,no,yes,no,semi-furnished,Hyderabad
31657000.0,2970.0,4,3.0,1,0,no,no,no,no,yes,no,semi-furnished,Delhi
24952000.0,2160.0,4,3.0,2,0,yes,no,yes,no,yes,yes,furnished,Bangalore
15005000.0,1917.0,2,3.0,4,0,yes,yes,no,no,no,yes,semi-furnished,Kolkata
24216000.0,4405.0,6,5.0,1,0,yes,no,no,yes,yes,no,furnished,Ahmedabad
102580000.0,5974.0,6,4.0,3,0,yes,no,yes,yes,no,no,unfurnished,Mumbai
25895000.0,2819.0,4,4.0,1,0,yes,no,yes,no,yes,no,furnished,Hyderabad
23966000.0,3864.0,5,4.0,2,0,yes,no,no,no,no,yes,unfurnished,Hyderabad
30132000.0,2419.0,5,3.0,3,0,yes,no,no,no,no,yes,semi-furnished,Delhi
43381000.0,2622.0,3,3.0,1,1,yes,no,yes,yes,yes,yes,semi-furnished,Mumbai
28635000.0,2288.0,3,2.0,3,1,no,no,no,no,yes,no,,Delhi
31935000.0,4761.0,5,4.0,2,1,yes,yes,yes,yes,no,no,semi-furnished,Pune
21402000.0,3272.0,4,2.0,2,1,yes,no,no,no,yes,no,furnished,Chennai
22848000.0,3491.0,4,3.0,2,0,yes,no,no,no,yes,no,unfurnished,Hyderabad
17858000.0,2189.0,3,2.0,1,2,yes,yes,yes,no,yes,no,semi-furnished,Hyderabad
47527000.0,2563.0,3,2.0,1,1,yes,yes,no,no,no,no,furnished,Mumbai
19861000.0,1954.0,2,1.0,3,2,no,no,no,yes,no,no,furnished,Bangalore
17797000.0,2729.0,4,3.0,2,0,yes,no,no,no,no,no,furnished,Ahmedabad
23182000.0,2890.0,4,3.0,2,2,yes,no,no,yes,no,yes,semi-furnished,Chennai
11638000.0,1165.0,1,1.0,2,2,yes,yes,no,no,yes,no,unfurnished,Pune
